,Game ID,Team,Team ID,Result,Final Score,firstDowns,thirdDownEff,fourthDownEff,totalYards,netPassingYards,completionAttempts,yardsPerPass,rushingYards,rushingAttempts,yardsPerRushAttempt,Penalties,Penalty Yards,turnovers,fumblesLost,interceptions,possessionTime
0,401014972,PV A&M,2504,loser,28,18.0,0.18181818181818182,0.5,384.0,244.0,0.5517241379310345,8.4,140.0,28.0,5.0,6,60,1.0,1.0,0.0,20:21
2,401021651,Kennesaw St,338,loser,20,19.0,0.3333333333333333,0.6666666666666666,382.0,201.0,0.631578947368421,10.6,181.0,51.0,3.5,7,65,2.0,1.0,1.0,32:37
5,401013342,Purdue,2509,loser,27,23.0,0.5333333333333333,0.0,472.0,270.0,0.6521739130434783,5.9,202.0,25.0,8.1,9,95,3.0,0.0,3.0,26:49
7,401013086,Tulane,2655,loser,17,20.0,0.3684210526315789,0.5,436.0,281.0,0.4864864864864865,7.6,155.0,42.0,3.7,9,83,1.0,1.0,0.0,34:55
8,401021655,SE Louisiana,2545,loser,31,22.0,0.3,0.0,437.0,365.0,0.6904761904761905,8.7,72.0,23.0,3.1,11,89,1.0,0.0,1.0,24:11
11,401022511,San Jose State,23,loser,38,27.0,0.38095238095238093,0.6666666666666666,506.0,365.0,0.5384615384615384,7.0,141.0,38.0,3.7,12,125,3.0,1.0,2.0,28:47
12,401012880,Utah State,328,loser,31,22.0,0.5384615384615384,0.0,344.0,319.0,0.6590909090909091,7.3,25.0,25.0,1.0,7,49,2.0,0.0,2.0,22:16
15,401019473,Temple,218,loser,17,16.0,0.6153846153846154,0.0,251.0,205.0,0.5757575757575758,6.2,46.0,22.0,2.1,6,56,2.0,0.0,2.0,21:21
16,401012804,Kent State,2309,loser,24,24.0,0.29411764705882354,0.6666666666666666,453.0,270.0,0.6829268292682927,6.6,183.0,43.0,4.3,5,38,2.0,0.0,2.0,32:03
18,401012872,Texas,251,loser,29,20.0,0.2,1.0,405.0,263.0,0.5384615384615384,6.7,142.0,36.0,3.9,10,102,3.0,1.0,2.0,27:14
20,401020675,Howard,47,loser,32,26.0,0.5714285714285714,0.0,645.0,484.0,0.5094339622641509,9.1,161.0,39.0,4.1,8,71,4.0,2.0,2.0,28:32
22,401013349,Appalachian St,2026,loser,38,22.0,0.375,1.0,451.0,292.0,0.6666666666666666,7.5,159.0,37.0,4.3,10,105,1.0,0.0,1.0,32:28
24,401012248,Washington,264,loser,16,24.0,0.35714285714285715,0.0,398.0,296.0,0.5625,9.3,102.0,33.0,3.1,10,95,2.0,1.0,1.0,29:00
26,401012684,UNC,153,loser,17,16.0,0.23529411764705882,1.0,301.0,137.0,0.42857142857142855,3.9,164.0,38.0,4.3,13,124,4.0,0.0,4.0,24:03
29,401014975,Miami (OH),193,loser,28,23.0,0.3333333333333333,0.4,444.0,357.0,0.5434782608695652,7.8,87.0,27.0,3.2,8,71,0.0,0.0,0.0,28:12
31,401013048,Kansas,2305,loser,23,14.0,0.35294117647058826,0.0,255.0,199.0,0.5526315789473685,5.2,56.0,32.0,1.8,7,54,1.0,1.0,0.0,28:32
32,401013057,South Dakota,233,loser,24,21.0,0.25,0.0,334.0,257.0,0.42857142857142855,4.6,77.0,21.0,3.7,5,35,0.0,0.0,0.0,22:21
35,401014974,South Alabama,6,loser,26,15.0,0.23076923076923078,0.8,308.0,91.0,0.4782608695652174,4.0,217.0,43.0,5.0,7,82,4.0,2.0,2.0,22:39
36,401012888,Michigan,130,loser,17,20.0,0.46153846153846156,0.0,307.0,249.0,0.6666666666666666,6.9,58.0,33.0,1.8,7,52,2.0,1.0,1.0,31:33
39,401012676,Arizona,12,loser,23,22.0,0.4,1.0,326.0,197.0,0.5,5.8,129.0,35.0,3.7,4,26,0.0,0.0,0.0,23:27
41,401079833,ECU,151,loser,23,28.0,0.38095238095238093,0.6,382.0,314.0,0.5757575757575758,4.8,68.0,29.0,2.3,5,45,3.0,1.0,2.0,33:49
43,401013352,Purdue,2509,loser,19,19.0,0.3076923076923077,0.0,476.0,135.0,0.5833333333333334,5.6,341.0,42.0,8.1,7,85,2.0,2.0,0.0,30:01
44,401014983,Air Force,2005,loser,27,19.0,0.18181818181818182,0.25,373.0,164.0,0.6153846153846154,12.6,209.0,56.0,3.7,5,50,1.0,0.0,1.0,32:47
47,401019478,Temple,218,loser,29,16.0,0.21428571428571427,1.0,355.0,240.0,0.4473684210526316,6.3,115.0,29.0,4.0,6,65,3.0,1.0,2.0,24:18
49,401012729,Nebraska,158,loser,28,25.0,0.38461538461538464,0.0,565.0,236.0,0.6551724137931034,8.1,329.0,54.0,6.1,11,95,3.0,2.0,1.0,29:45
50,401013377,Ball State,2050,loser,16,24.0,0.34782608695652173,1.0,349.0,180.0,0.46,3.6,169.0,47.0,3.6,3,10,2.0,0.0,2.0,34:22
52,401019479,Memphis,235,loser,21,14.0,0.4,0.0,378.0,145.0,0.6,5.8,233.0,24.0,9.7,4,20,4.0,3.0,1.0,17:13
55,401012270,Texas A&M,245,loser,26,25.0,0.375,0.0,501.0,430.0,0.575,10.8,71.0,32.0,2.2,5,32,2.0,2.0,0.0,33:52
57,401014989,Southern Miss,2572,loser,20,23.0,0.4,0.0,436.0,378.0,0.6739130434782609,8.2,58.0,34.0,1.7,4,45,4.0,2.0,2.0,35:37
59,401014992,W Kentucky,98,loser,28,17.0,0.1875,0.0,389.0,347.0,0.5609756097560976,8.5,42.0,31.0,1.4,4,38,1.0,1.0,0.0,26:51
60,401013329,Fresno State,278,loser,14,13.0,0.42857142857142855,1.0,299.0,212.0,0.7058823529411765,6.2,87.0,24.0,3.6,4,40,2.0,0.0,2.0,23:19
62,401012261,Arkansas,8,loser,27,24.0,0.3333333333333333,0.0,443.0,144.0,0.5,6.5,299.0,53.0,5.6,6,60,2.0,0.0,2.0,32:27
65,401014982,Old Dominion,295,loser,20,16.0,0.23076923076923078,0.0,396.0,303.0,0.5135135135135135,8.2,93.0,27.0,3.4,3,35,0.0,0.0,0.0,25:54
66,401012852,UVA,258,loser,16,15.0,0.4375,1.0,294.0,106.0,0.48,4.2,188.0,39.0,4.8,5,56,1.0,1.0,0.0,30:24
68,401013319,Tulsa,202,loser,21,17.0,0.21428571428571427,0.75,353.0,164.0,0.5,6.3,189.0,38.0,5.0,6,45,2.0,0.0,2.0,25:31
71,401012735,BYU,252,loser,18,17.0,0.35294117647058826,0.3333333333333333,287.0,196.0,0.5365853658536586,4.8,91.0,33.0,2.8,7,65,2.0,0.0,2.0,29:18
72,401012727,Mich. St.,127,loser,13,23.0,0.3333333333333333,0.0,377.0,314.0,0.6923076923076923,8.1,63.0,27.0,2.3,9,82,1.0,0.0,1.0,32:05
74,401014993,Old Dominion,295,loser,25,16.0,0.45454545454545453,1.0,338.0,215.0,0.5714285714285714,7.7,123.0,28.0,4.4,3,28,2.0,0.0,2.0,21:43
77,401013109,Wake Forest,154,loser,34,27.0,0.22727272727272727,0.8571428571428571,512.0,214.0,0.4444444444444444,4.8,298.0,60.0,5.0,3,35,2.0,0.0,2.0,30:27
78,401019486,URI,227,loser,49,28.0,0.0,1.0,550.0,351.0,0.6764705882352942,10.3,199.0,28.0,7.1,7,82,2.0,1.0,1.0,24:47
81,401013337,Nebraska,158,loser,19,22.0,0.3125,1.0,364.0,177.0,0.7037037037037037,6.6,187.0,48.0,3.9,10,77,3.0,1.0,2.0,32:54
82,401013368,Hawai'i,62,loser,21,15.0,0.14285714285714285,0.0,362.0,321.0,0.625,10.0,41.0,13.0,3.2,5,30,0.0,0.0,0.0,18:42
84,401013112,Georgia Tech,59,loser,19,22.0,0.3076923076923077,0.3333333333333333,386.0,66.0,0.4,4.4,320.0,56.0,5.7,4,30,2.0,1.0,1.0,31:49
86,401014996,Tulane,2655,loser,24,17.0,0.23076923076923078,0.5,355.0,180.0,0.2692307692307692,6.9,175.0,40.0,4.4,2,25,3.0,2.0,1.0,23:21
88,401012283,Vanderbilt,238,loser,17,23.0,0.38461538461538464,0.0,420.0,326.0,0.6046511627906976,7.6,94.0,27.0,3.5,5,60,3.0,2.0,1.0,29:12
91,401013356,Wisconsin,275,loser,21,20.0,0.3076923076923077,0.6666666666666666,394.0,190.0,0.6428571428571429,6.8,204.0,43.0,4.7,6,33,1.0,0.0,1.0,34:20
93,401012273,Auburn,2,loser,21,19.0,0.3333333333333333,0.0,328.0,198.0,0.5714285714285714,7.1,130.0,38.0,3.4,9,111,2.0,0.0,2.0,24:56
95,401012806,Illinois,356,loser,19,21.0,0.2777777777777778,1.0,380.0,168.0,0.6451612903225806,5.4,212.0,48.0,4.4,6,65,1.0,1.0,0.0,32:40
96,401020679,Cent Michigan,2117,loser,16,21.0,0.375,1.0,322.0,158.0,0.5454545454545454,4.8,164.0,46.0,3.6,4,31,2.0,1.0,1.0,28:31
98,401020681,E Kentucky,2198,loser,35,23.0,0.5294117647058824,1.0,498.0,109.0,0.35294117647058826,6.4,389.0,60.0,6.5,7,88,3.0,3.0,0.0,29:01
100,401022520,Wofford,2747,loser,14,14.0,0.35714285714285715,1.0,294.0,73.0,0.6,4.9,221.0,49.0,4.5,3,16,3.0,1.0,2.0,31:36
102,401020682,E Michigan,2199,loser,28,22.0,0.375,0.5,490.0,348.0,0.6578947368421053,9.2,142.0,43.0,3.3,11,98,1.0,1.0,0.0,29:43
104,401012744,Oregon St,204,loser,35,28.0,0.2,1.0,540.0,459.0,0.625,8.2,81.0,40.0,2.0,7,60,3.0,1.0,2.0,34:47
107,401012279,Purdue,2509,loser,37,23.0,0.5,0.0,614.0,572.0,0.7090909090909091,10.4,42.0,16.0,2.6,7,65,1.0,0.0,1.0,28:04
108,401013113,W Kentucky,98,loser,17,25.0,0.5294117647058824,0.0,428.0,260.0,0.6578947368421053,6.8,168.0,43.0,3.9,8,69,1.0,0.0,1.0,35:24
111,401013343,Northwestern,77,loser,34,29.0,0.3333333333333333,0.2,491.0,405.0,0.6379310344827587,7.0,86.0,36.0,2.4,3,35,3.0,1.0,2.0,29:50
112,401012738,Arizona State,9,loser,21,21.0,0.2727272727272727,0.0,377.0,341.0,0.6739130434782609,7.4,36.0,24.0,1.5,7,39,0.0,0.0,0.0,23:55
114,401012748,Washington St,265,loser,36,24.0,0.4375,1.0,435.0,344.0,0.7115384615384616,6.6,91.0,24.0,3.8,11,118,0.0,0.0,0.0,35:49
116,401019495,Navy,2426,loser,30,23.0,0.47058823529411764,1.0,374.0,25.0,0.25,6.3,349.0,78.0,4.5,2,25,3.0,3.0,0.0,36:43
118,401019491,Ohio,195,loser,30,25.0,0.375,1.0,412.0,178.0,0.4444444444444444,6.6,234.0,45.0,5.2,8,85,2.0,1.0,1.0,35:22
120,401013125,Pitt,221,loser,35,20.0,0.5,1.0,402.0,174.0,0.5757575757575758,5.3,228.0,36.0,6.3,5,45,1.0,1.0,0.0,30:36
123,401015000,Ball State,2050,loser,20,24.0,0.46153846153846156,1.0,405.0,285.0,0.6,6.3,120.0,29.0,4.1,10,118,0.0,0.0,0.0,28:36
124,401014999,Texas State,326,loser,21,15.0,0.36363636363636365,0.0,248.0,222.0,0.6071428571428571,7.9,26.0,25.0,1.0,5,41,3.0,1.0,2.0,25:14
127,401021664,UL Monroe,2433,loser,27,27.0,0.5882352941176471,0.0,490.0,290.0,0.6041666666666666,6.0,200.0,36.0,5.6,10,94,1.0,0.0,1.0,29:35
129,401021663,Louisiana,309,loser,28,17.0,0.4444444444444444,0.0,381.0,143.0,0.5555555555555556,7.9,238.0,31.0,7.7,6,64,0.0,0.0,0.0,21:04
130,401021662,UNLV,2439,loser,20,15.0,0.29411764705882354,0.25,333.0,23.0,0.23809523809523808,1.1,310.0,49.0,6.3,6,40,4.0,1.0,3.0,28:42
132,401013066,Army,349,loser,21,26.0,0.6190476190476191,0.8,379.0,40.0,0.3333333333333333,4.4,339.0,78.0,4.3,6,50,2.0,0.0,2.0,44:41
135,401013440,UTEP,2638,loser,20,24.0,0.4,0.75,429.0,194.0,0.625,12.1,235.0,64.0,3.7,10,73,3.0,2.0,1.0,40:48
137,401012749,Oregon,2483,loser,31,27.0,0.5625,0.5,524.0,346.0,0.7878787878787878,10.5,178.0,49.0,3.6,4,32,3.0,2.0,1.0,35:42
138,401019492,ECU,151,loser,13,24.0,0.4166666666666667,0.5,412.0,256.0,0.44,5.1,156.0,46.0,3.4,2,10,1.0,0.0,1.0,38:10
140,401012751,Arizona State,9,loser,20,16.0,0.5,1.0,268.0,104.0,0.6296296296296297,3.9,164.0,40.0,4.1,7,72,1.0,1.0,0.0,29:17
142,401020683,E Michigan,2199,loser,20,14.0,0.4375,0.3333333333333333,355.0,236.0,0.6296296296296297,8.7,119.0,39.0,3.1,6,45,2.0,1.0,1.0,32:05
145,401013325,Texas Tech,2641,loser,34,28.0,0.4117647058823529,1.0,463.0,295.0,0.5319148936170213,6.3,168.0,42.0,4.0,7,60,3.0,0.0,3.0,29:34
146,401013131,Syracuse,183,loser,23,12.0,0.2,0.5,311.0,250.0,0.6341463414634146,6.1,61.0,26.0,2.3,5,31,1.0,0.0,1.0,27:09
149,401012824,Rutgers,164,loser,17,19.0,0.3333333333333333,1.0,291.0,193.0,0.5277777777777778,5.4,98.0,23.0,4.3,6,63,1.0,0.0,1.0,24:36
150,401012293,Arkansas,8,loser,17,11.0,0.25,0.0,248.0,193.0,0.5185185185185185,7.1,55.0,26.0,2.1,6,61,1.0,0.0,1.0,23:04
153,401013133,Louisville,97,loser,24,24.0,0.5263157894736842,0.0,421.0,306.0,0.5333333333333333,6.8,115.0,38.0,3.0,8,75,3.0,1.0,2.0,35:38
155,401020750,Miami (OH),193,loser,39,20.0,0.4166666666666667,0.0,349.0,294.0,0.6875,9.2,55.0,27.0,2.0,8,45,0.0,0.0,0.0,24:42
157,401013060,Kansas State,2306,loser,14,17.0,0.4,0.6666666666666666,217.0,110.0,0.44,4.4,107.0,39.0,2.7,0,0,0.0,0.0,0.0,27:30
158,401015006,Old Dominion,295,loser,35,18.0,0.1875,1.0,271.0,250.0,0.5833333333333334,6.9,21.0,35.0,0.6,5,50,1.0,0.0,1.0,28:22
161,401022525,Air Force,2005,loser,25,16.0,0.21428571428571427,0.75,250.0,96.0,0.42105263157894735,5.1,154.0,51.0,3.0,5,40,2.0,2.0,0.0,28:53
162,401012299,Tennessee St,2634,loser,27,20.0,0.5,0.5,373.0,269.0,0.7096774193548387,8.7,104.0,35.0,3.0,8,44,0.0,0.0,0.0,29:56
165,401012892,Northwestern,77,loser,17,15.0,0.38461538461538464,0.0,202.0,174.0,0.5517241379310345,6.0,28.0,34.0,0.8,2,25,0.0,0.0,0.0,25:19
166,401021666,Arkansas State,2032,loser,21,28.0,0.4444444444444444,0.5,493.0,376.0,0.7450980392156863,7.4,117.0,36.0,3.3,5,39,1.0,1.0,0.0,32:10
169,401020688,E Michigan,2199,loser,23,16.0,0.16666666666666666,0.5,242.0,180.0,0.4146341463414634,4.4,62.0,33.0,1.9,11,85,1.0,1.0,0.0,26:28
170,401012756,Utah,254,loser,24,20.0,0.3125,0.6666666666666666,322.0,118.0,0.5714285714285714,5.6,204.0,50.0,4.1,9,76,0.0,0.0,0.0,33:42
173,401012298,Miss St,344,loser,6,15.0,0.16666666666666666,0.0,202.0,98.0,0.4230769230769231,3.8,104.0,32.0,3.3,2,15,0.0,0.0,0.0,26:13
174,401013041,Iowa State,66,loser,14,15.0,0.4166666666666667,0.0,198.0,79.0,0.5,2.8,119.0,28.0,4.3,1,15,1.0,1.0,0.0,24:22
176,401015003,FAU,2226,loser,24,22.0,0.3333333333333333,0.25,426.0,154.0,0.6071428571428571,5.5,272.0,55.0,4.9,8,54,2.0,1.0,1.0,33:01
179,401022527,San Jose State,23,loser,41,24.0,0.4,0.0,490.0,451.0,0.5714285714285714,9.2,39.0,37.0,1.1,10,75,0.0,0.0,0.0,24:41
181,401015004,North Texas,249,loser,27,23.0,0.4,1.0,427.0,296.0,0.6285714285714286,8.5,131.0,37.0,3.5,4,55,2.0,2.0,0.0,28:58
183,401015005,W Kentucky,98,loser,17,17.0,0.25,0.0,324.0,263.0,0.6153846153846154,6.7,61.0,32.0,1.9,6,43,3.0,2.0,1.0,29:48
185,401013347,Penn State,213,loser,26,22.0,0.17647058823529413,0.3333333333333333,492.0,286.0,0.5,8.9,206.0,44.0,4.7,7,64,1.0,1.0,0.0,31:39
187,401012753,Arizona,12,loser,20,20.0,0.25,0.6666666666666666,330.0,232.0,0.48484848484848486,7.0,98.0,37.0,2.6,8,80,1.0,0.0,1.0,27:09
188,401012305,Missouri,142,loser,35,23.0,0.25,0.0,490.0,204.0,0.4722222222222222,5.7,286.0,46.0,6.2,10,83,2.0,0.0,2.0,30:28
190,401020753,E Michigan,2199,loser,24,23.0,0.29411764705882354,0.5,384.0,206.0,0.5806451612903226,6.6,178.0,48.0,3.7,4,31,1.0,1.0,0.0,32:03
193,401013067,Oklahoma,201,loser,45,21.0,0.375,1.0,532.0,310.0,0.7407407407407407,11.5,222.0,31.0,7.2,7,73,3.0,2.0,1.0,26:10
194,401013142,Syracuse,183,loser,37,20.0,0.5555555555555556,0.0,372.0,195.0,0.47368421052631576,5.1,177.0,42.0,4.2,5,24,3.0,1.0,2.0,27:36
196,401013139,Boston College,103,loser,23,12.0,0.1,0.5,318.0,198.0,0.56,7.9,120.0,25.0,4.8,6,37,1.0,1.0,0.0,18:30
199,401020754,Ball State,2050,loser,16,25.0,0.43478260869565216,0.5,391.0,260.0,0.5714285714285714,4.6,131.0,40.0,3.3,2,16,1.0,1.0,0.0,31:22
201,401020755,Kent State,2309,loser,26,25.0,0.5,0.0,472.0,271.0,0.7714285714285715,7.7,201.0,36.0,5.6,11,100,3.0,1.0,2.0,28:31
202,401013031,Kansas State,2306,loser,34,20.0,0.5,0.0,468.0,149.0,0.5769230769230769,5.7,319.0,35.0,9.1,6,55,3.0,1.0,2.0,25:46
204,401012301,LSU,99,loser,19,20.0,0.23529411764705882,0.5,372.0,192.0,0.5588235294117647,5.6,180.0,41.0,4.4,8,75,3.0,1.0,2.0,30:24
206,401013141,FSU,52,loser,27,14.0,0.3125,0.0,200.0,130.0,0.5,4.1,70.0,33.0,2.1,7,80,2.0,1.0,1.0,25:29
209,401022528,Boise State,68,loser,13,15.0,0.3157894736842105,0.3333333333333333,229.0,178.0,0.5,4.0,51.0,36.0,1.4,6,52,3.0,0.0,3.0,29:08
211,401013042,Oklahoma State,197,loser,42,22.0,0.4666666666666667,0.5,415.0,289.0,0.5757575757575758,8.8,126.0,43.0,2.9,9,87,2.0,1.0,1.0,30:08
212,401012761,Arizona State,9,loser,21,18.0,0.45454545454545453,0.0,367.0,222.0,0.6666666666666666,12.3,145.0,39.0,3.7,5,35,0.0,0.0,0.0,26:33
214,401012306,Kentucky,96,loser,14,8.0,0.15384615384615385,0.0,178.0,108.0,0.65,5.4,70.0,30.0,2.3,8,52,0.0,0.0,0.0,25:02
217,401015011,UTEP,2638,loser,24,19.0,0.5,0.0,417.0,313.0,0.48484848484848486,9.5,104.0,28.0,3.7,4,26,2.0,0.0,2.0,26:41
219,401012760,UCLA,26,loser,24,20.0,0.5714285714285714,1.0,422.0,272.0,0.7105263157894737,7.2,150.0,27.0,5.6,4,45,1.0,0.0,1.0,21:51
220,401013441,Liberty,2335,loser,41,30.0,0.45,0.6666666666666666,518.0,365.0,0.5740740740740741,6.8,153.0,42.0,3.6,4,40,2.0,1.0,1.0,35:01
222,401012759,Cal,25,loser,17,25.0,0.5333333333333333,0.0,476.0,315.0,0.7441860465116279,7.3,161.0,34.0,4.7,13,115,4.0,1.0,3.0,34:46
224,401022531,Wyoming,2751,loser,13,13.0,0.16666666666666666,0.5,244.0,87.0,0.5,4.8,157.0,34.0,4.6,6,45,0.0,0.0,0.0,26:04
227,401021673,Texas State,326,loser,13,15.0,0.16666666666666666,0.5,242.0,135.0,0.5185185185185185,5.0,107.0,32.0,3.3,3,25,2.0,1.0,1.0,23:43
229,401013076,TCU,2628,loser,14,20.0,0.29411764705882354,0.3333333333333333,411.0,290.0,0.5777777777777777,6.4,121.0,32.0,3.8,8,63,3.0,1.0,2.0,29:15
231,401019505,Tulsa,202,loser,24,16.0,0.4117647058823529,0.0,299.0,79.0,0.2857142857142857,3.8,220.0,49.0,4.5,10,81,0.0,0.0,0.0,29:15
232,401022533,Air Force,2005,loser,17,14.0,0.375,0.0,276.0,62.0,0.47058823529411764,3.6,214.0,51.0,4.2,5,56,1.0,0.0,1.0,34:29
235,401012309,Auburn,2,loser,24,22.0,0.5625,0.5,448.0,322.0,0.6086956521739131,7.0,126.0,34.0,3.7,5,38,3.0,1.0,2.0,25:59
236,401013340,Nebraska,158,loser,31,24.0,0.4375,0.0,482.0,251.0,0.7142857142857143,7.2,231.0,47.0,4.9,9,89,3.0,1.0,2.0,30:07
238,401020759,Toledo,2649,loser,26,25.0,0.375,0.25,376.0,147.0,0.4444444444444444,5.4,229.0,52.0,4.4,16,130,1.0,0.0,1.0,30:25
240,401013452,Troy,2653,loser,16,17.0,0.26666666666666666,0.6666666666666666,293.0,160.0,0.5333333333333333,5.3,133.0,39.0,3.4,10,65,3.0,2.0,1.0,30:25
242,401013148,Pitt,221,loser,14,14.0,0.3333333333333333,0.0,242.0,126.0,0.6333333333333333,4.2,116.0,30.0,3.9,8,80,0.0,0.0,0.0,33:27
245,401020760,Bowling Green,189,loser,35,19.0,0.4,0.0,511.0,379.0,0.6,10.8,132.0,21.0,6.3,9,85,4.0,2.0,2.0,21:49
247,401020757,Cent Michigan,2117,loser,23,23.0,0.4666666666666667,0.0,388.0,127.0,0.4782608695652174,5.5,261.0,50.0,5.2,11,115,0.0,0.0,0.0,28:05
248,401013032,Baylor,239,loser,17,19.0,0.47058823529411764,0.0,328.0,240.0,0.5,6.0,88.0,34.0,2.6,10,92,1.0,0.0,1.0,27:42
251,401012883,Penn State,213,loser,17,14.0,0.21428571428571427,0.0,397.0,192.0,0.59375,6.0,205.0,32.0,6.4,6,41,1.0,1.0,0.0,25:48
252,401012766,Washington,264,loser,27,22.0,0.46153846153846156,0.5,437.0,243.0,0.6,9.7,194.0,45.0,4.3,5,38,1.0,0.0,1.0,30:37
255,401019506,Memphis,235,loser,30,27.0,0.4375,1.0,490.0,209.0,0.5862068965517241,7.2,281.0,52.0,5.4,7,43,2.0,2.0,0.0,35:19
257,401012311,S Carolina,2579,loser,23,19.0,0.2222222222222222,1.0,299.0,223.0,0.4857142857142857,6.4,76.0,18.0,4.2,4,39,2.0,1.0,1.0,18:31
259,401019508,Navy,2426,loser,17,18.0,0.38461538461538464,0.3333333333333333,284.0,14.0,0.2727272727272727,1.3,270.0,53.0,5.1,6,40,1.0,1.0,0.0,33:07
260,401020758,Ohio,195,loser,21,19.0,0.3333333333333333,0.0,321.0,275.0,0.6521739130434783,12.0,46.0,32.0,1.4,6,59,3.0,2.0,1.0,29:16
262,401022535,New Mexico,167,loser,18,15.0,0.2727272727272727,0.0,304.0,170.0,0.6,8.5,134.0,35.0,3.8,6,50,1.0,1.0,0.0,23:23
264,401013146,Miami,2390,loser,13,16.0,0.3333333333333333,0.0,339.0,190.0,0.5172413793103449,6.6,149.0,29.0,5.1,8,71,3.0,0.0,3.0,28:10
267,401013147,UNC,153,loser,19,21.0,0.4,0.0,522.0,287.0,0.6285714285714286,8.2,235.0,38.0,6.2,7,35,2.0,2.0,0.0,30:35
269,401012308,Arkansas,8,loser,33,27.0,0.2222222222222222,1.0,477.0,177.0,0.6818181818181818,8.0,300.0,48.0,6.3,5,65,1.0,0.0,1.0,35:18
270,401015014,Mid Tennessee,2393,loser,21,21.0,0.5625,1.0,329.0,142.0,0.5555555555555556,5.3,187.0,40.0,4.7,5,52,1.0,0.0,1.0,25:33
273,401022534,Nevada,2440,loser,27,23.0,0.38461538461538464,1.0,386.0,304.0,0.5714285714285714,7.2,82.0,24.0,3.4,4,20,3.0,2.0,1.0,24:51
275,401012768,Arizona State,9,loser,13,20.0,0.35714285714285715,1.0,437.0,353.0,0.5777777777777777,7.8,84.0,23.0,3.7,7,86,3.0,1.0,2.0,21:43
277,401022539,UNLV,2439,loser,35,23.0,0.46153846153846156,0.5,400.0,261.0,0.6842105263157895,6.9,139.0,33.0,4.2,6,40,1.0,0.0,1.0,29:22
278,401013371,Miami (OH),193,loser,30,23.0,0.2777777777777778,0.7777777777777778,406.0,329.0,0.5660377358490566,6.2,77.0,27.0,2.9,8,56,0.0,0.0,0.0,23:52
281,401012846,Rutgers,164,loser,15,10.0,0.13333333333333333,0.0,188.0,81.0,0.4838709677419355,2.6,107.0,26.0,4.1,7,60,0.0,0.0,0.0,25:37
282,401019510,Cincinnati,2132,loser,17,20.0,0.3684210526315789,0.0,311.0,111.0,0.4117647058823529,3.3,200.0,47.0,4.3,7,65,3.0,2.0,1.0,31:19
284,401013152,UNC,153,loser,37,24.0,0.3181818181818182,0.5,500.0,321.0,0.6296296296296297,5.9,179.0,41.0,4.4,5,34,2.0,1.0,1.0,35:15
286,401013453,Idaho State,304,loser,41,28.0,0.5,0.0,631.0,397.0,0.45454545454545453,9.0,234.0,42.0,5.6,4,24,3.0,1.0,2.0,26:47
289,401022540,Wyoming,2751,loser,16,15.0,0.3684210526315789,0.0,331.0,100.0,0.4166666666666667,4.2,231.0,50.0,4.6,10,80,2.0,1.0,1.0,37:39
290,401015019,Charlotte,2429,loser,13,19.0,0.42105263157894735,0.0,359.0,209.0,0.5,5.2,150.0,39.0,3.8,5,40,2.0,0.0,2.0,37:05
293,401020761,Kent State,2309,loser,23,18.0,0.2631578947368421,0.75,371.0,198.0,0.5483870967741935,6.4,173.0,43.0,4.0,6,46,0.0,0.0,0.0,27:33
295,401019513,Tulane,2655,loser,23,18.0,0.2,1.0,321.0,153.0,0.6086956521739131,6.7,168.0,46.0,3.7,10,96,3.0,2.0,1.0,33:09
297,401012857,Indiana,84,loser,28,32.0,0.42857142857142855,0.6,554.0,330.0,0.6363636363636364,6.0,224.0,45.0,5.0,7,55,3.0,2.0,1.0,33:58
298,401015022,UTEP,2638,loser,24,18.0,0.35294117647058826,0.0,356.0,284.0,0.5757575757575758,8.6,72.0,37.0,1.9,6,60,1.0,0.0,1.0,32:49
300,401021678,Texas State,326,loser,14,18.0,0.15384615384615385,0.0,242.0,115.0,0.6,4.6,127.0,36.0,3.5,6,53,0.0,0.0,0.0,31:12
302,401019511,UConn,41,loser,30,24.0,0.2727272727272727,0.0,455.0,133.0,0.47619047619047616,6.3,322.0,51.0,6.3,4,25,1.0,0.0,1.0,34:19
304,401012314,Vanderbilt,238,loser,7,12.0,0.3076923076923077,0.0,284.0,216.0,0.6521739130434783,9.4,68.0,31.0,2.2,5,25,2.0,2.0,0.0,28:53
307,401015024,W Kentucky,98,loser,34,29.0,0.5,0.0,464.0,257.0,0.75,8.0,207.0,45.0,4.6,11,75,0.0,0.0,0.0,32:08
308,401015023,North Texas,249,loser,21,24.0,0.3,0.0,400.0,336.0,0.725,8.4,64.0,23.0,2.8,4,50,1.0,1.0,0.0,24:33
310,401012769,Arizona,12,loser,30,22.0,0.4666666666666667,0.0,520.0,231.0,0.4411764705882353,6.8,289.0,38.0,7.6,6,64,3.0,1.0,2.0,27:18
312,401022543,San Jose State,23,loser,13,18.0,0.4375,0.5,295.0,233.0,0.7297297297297297,6.3,62.0,34.0,1.8,6,52,1.0,0.0,1.0,29:43
315,401015028,FAU,2226,loser,13,23.0,0.09090909090909091,0.6666666666666666,348.0,121.0,0.5862068965517241,4.2,227.0,38.0,6.0,11,77,2.0,1.0,1.0,27:28
316,401012858,Indiana,84,loser,31,20.0,0.47058823529411764,1.0,385.0,232.0,0.6590909090909091,5.3,153.0,30.0,5.1,5,37,3.0,1.0,2.0,29:37
319,401013364,UConn,41,loser,17,11.0,0.2727272727272727,0.0,265.0,15.0,0.6666666666666666,2.5,250.0,44.0,5.7,2,25,1.0,0.0,1.0,28:04
320,401020768,Cent Michigan,2117,loser,10,18.0,0.2,0.3333333333333333,300.0,169.0,0.48717948717948717,4.3,131.0,49.0,2.7,7,75,1.0,1.0,0.0,33:28
322,401015026,Southern Miss,2572,loser,17,24.0,0.42857142857142855,0.6666666666666666,426.0,297.0,0.6923076923076923,7.6,129.0,34.0,3.8,6,43,3.0,0.0,3.0,30:21
325,401021682,Georgia State,2247,loser,34,23.0,0.6666666666666666,0.0,511.0,231.0,0.56,9.2,280.0,35.0,8.0,6,64,1.0,1.0,0.0,24:06
326,401013053,TCU,2628,loser,26,27.0,0.6666666666666666,0.0,504.0,351.0,0.696969696969697,10.6,153.0,39.0,3.9,5,57,2.0,1.0,1.0,29:22
329,401012777,Colorado,38,loser,34,23.0,0.26666666666666666,0.0,536.0,319.0,0.6153846153846154,8.2,217.0,36.0,6.0,7,70,0.0,0.0,0.0,26:47
330,401012868,Iowa,2294,loser,24,23.0,0.35,0.6666666666666666,350.0,215.0,0.38,4.3,135.0,38.0,3.6,6,25,2.0,0.0,2.0,35:18
333,401012776,USC,30,loser,35,19.0,0.18181818181818182,0.5,420.0,271.0,0.7,9.0,149.0,33.0,4.5,7,73,1.0,1.0,0.0,27:45
335,401016409,BYU,252,loser,6,17.0,0.2,0.5,301.0,208.0,0.6,6.9,93.0,37.0,2.5,7,52,1.0,0.0,1.0,34:48
337,401019514,SMU,2567,loser,20,13.0,0.17647058823529413,1.0,351.0,328.0,0.5116279069767442,7.6,23.0,24.0,1.0,7,72,1.0,0.0,1.0,25:00
339,401012322,Missouri,142,loser,14,13.0,0.3125,0.0,249.0,165.0,0.5555555555555556,6.1,84.0,35.0,2.4,8,69,0.0,0.0,0.0,28:08
340,401012778,Washington,264,loser,10,13.0,0.3076923076923077,0.5,250.0,159.0,0.48,6.4,91.0,33.0,2.8,4,18,2.0,0.0,2.0,26:47
342,401013444,New Mexico St,166,loser,20,22.0,0.3181818181818182,0.5,428.0,275.0,0.4915254237288136,4.7,153.0,33.0,4.6,6,63,2.0,0.0,2.0,32:59
344,401021681,Arkansas State,2032,loser,43,27.0,0.5333333333333333,0.6666666666666666,478.0,270.0,0.5483870967741935,8.7,208.0,45.0,4.6,4,45,1.0,0.0,1.0,30:43
347,401019516,Tulsa,202,loser,17,17.0,0.18181818181818182,0.0,315.0,180.0,0.46153846153846156,6.9,135.0,35.0,3.9,8,57,1.0,1.0,0.0,22:04
349,401012779,Stanford,24,loser,38,27.0,0.6153846153846154,0.5,443.0,323.0,0.7906976744186046,7.5,120.0,23.0,5.2,3,18,1.0,1.0,0.0,28:56
350,401012323,Tennessee,2633,loser,24,23.0,0.6875,0.0,351.0,207.0,0.6923076923076923,5.3,144.0,34.0,4.2,9,75,0.0,0.0,0.0,38:33
352,401013320,Texas,251,loser,35,24.0,0.4166666666666667,0.0,402.0,283.0,0.5238095238095238,6.7,119.0,30.0,4.0,11,86,0.0,0.0,0.0,25:32
354,401022548,San Diego State,21,loser,24,24.0,0.47058823529411764,0.0,456.0,283.0,0.4878048780487805,6.9,173.0,36.0,4.8,8,68,2.0,2.0,0.0,31:33
357,401020769,Bowling Green,189,loser,28,18.0,0.3333333333333333,1.0,317.0,231.0,0.5526315789473685,6.1,86.0,39.0,2.2,11,85,1.0,0.0,1.0,31:26
358,401012780,Colorado,38,loser,34,27.0,0.4,0.3333333333333333,383.0,343.0,0.627906976744186,8.0,40.0,32.0,1.3,5,52,2.0,1.0,1.0,30:56
360,401013373,Air Force,2005,loser,14,17.0,0.3333333333333333,0.3333333333333333,322.0,197.0,0.5454545454545454,9.0,125.0,35.0,3.6,5,55,1.0,0.0,1.0,22:28
362,401012324,Texas A&M,245,loser,24,28.0,0.2857142857142857,1.0,423.0,220.0,0.5,6.9,203.0,47.0,4.3,7,31,3.0,2.0,1.0,38:41
365,401012328,Ole Miss,145,loser,44,34.0,0.35294117647058826,0.6666666666666666,616.0,379.0,0.6458333333333334,7.9,237.0,50.0,4.7,4,35,1.0,1.0,0.0,35:35
366,401013034,Oklahoma State,197,loser,31,32.0,0.4375,0.6666666666666666,523.0,311.0,0.5952380952380952,7.4,212.0,47.0,4.5,12,133,1.0,1.0,0.0,32:06
368,401013341,Nebraska,158,loser,31,27.0,0.2857142857142857,1.0,450.0,266.0,0.6666666666666666,8.1,184.0,49.0,3.8,5,44,1.0,1.0,0.0,33:33
370,401015033,Marshall,276,loser,24,15.0,0.38461538461538464,1.0,249.0,218.0,0.4473684210526316,5.7,31.0,22.0,1.4,7,79,4.0,2.0,2.0,21:41
372,401012869,Iowa,2294,loser,36,22.0,0.5,1.0,393.0,275.0,0.65625,8.6,118.0,37.0,3.2,8,75,1.0,1.0,0.0,34:05
374,401013365,Liberty,2335,loser,59,31.0,0.3076923076923077,1.0,488.0,272.0,0.45714285714285713,7.8,216.0,51.0,4.2,7,45,4.0,0.0,4.0,27:39
377,401015035,Rice,242,loser,26,16.0,0.23076923076923078,0.6,383.0,313.0,0.53125,9.8,70.0,28.0,2.5,7,45,3.0,1.0,2.0,27:01
378,401013063,Kansas State,2306,loser,13,21.0,0.3125,0.5,301.0,162.0,0.5714285714285714,5.8,139.0,47.0,3.0,2,3,3.0,2.0,1.0,35:14
381,401013188,Texas,251,loser,41,28.0,0.5454545454545454,0.5,520.0,354.0,0.6944444444444444,9.8,166.0,39.0,4.3,7,64,1.0,1.0,0.0,34:00
383,401013163,Miami,2390,loser,12,16.0,0.21428571428571427,0.5,411.0,111.0,0.4642857142857143,4.0,300.0,44.0,6.8,6,73,2.0,2.0,0.0,32:06
385,401013069,Texas Tech,2641,loser,46,23.0,0.23076923076923078,1.0,473.0,366.0,0.6818181818181818,8.3,107.0,27.0,4.0,7,69,0.0,0.0,0.0,27:49
386,401012784,Stanford,24,loser,23,22.0,0.5,0.0,424.0,347.0,0.6590909090909091,7.9,77.0,23.0,3.3,4,28,3.0,0.0,3.0,27:22
388,401016410,BYU,252,loser,16,21.0,0.25,1.0,388.0,292.0,0.6551724137931034,10.1,96.0,38.0,2.5,8,58,3.0,3.0,0.0,27:31
391,401022550,New Mexico,167,loser,23,11.0,0.2857142857142857,0.0,142.0,41.0,0.45,2.1,101.0,37.0,2.7,2,30,1.0,0.0,1.0,27:39
392,401012785,Cal,25,loser,13,20.0,0.2857142857142857,1.0,291.0,179.0,0.5454545454545454,5.4,112.0,36.0,3.1,2,25,2.0,0.0,2.0,31:19
394,401020776,Ohio,195,loser,28,16.0,0.42857142857142855,1.0,364.0,163.0,0.5714285714285714,5.8,201.0,32.0,6.3,3,43,1.0,1.0,0.0,26:07
397,401013167,NC State,152,loser,23,23.0,0.375,0.0,421.0,374.0,0.660377358490566,7.1,47.0,27.0,1.7,6,55,1.0,0.0,1.0,31:48
398,401022556,Fresno State,278,loser,17,22.0,0.2,0.5,390.0,283.0,0.6857142857142857,8.1,107.0,28.0,3.8,9,61,0.0,0.0,0.0,25:34
400,401013054,Kansas,2305,loser,17,19.0,0.3333333333333333,0.5,347.0,232.0,0.6176470588235294,6.8,115.0,35.0,3.3,8,53,2.0,2.0,0.0,33:11
402,401012335,Vanderbilt,238,loser,28,19.0,0.42857142857142855,0.3333333333333333,465.0,249.0,0.6666666666666666,6.9,216.0,29.0,7.4,5,45,0.0,0.0,0.0,30:27
404,401012859,Maryland,120,loser,32,27.0,0.5333333333333333,1.0,542.0,189.0,0.56,7.6,353.0,59.0,6.0,10,93,4.0,3.0,1.0,39:18
406,401012333,S Carolina,2579,loser,31,18.0,0.5384615384615384,0.0,386.0,239.0,0.6428571428571429,8.5,147.0,36.0,4.1,7,41,1.0,0.0,1.0,24:20
408,401013170,UNC,153,loser,35,25.0,0.4,0.0,536.0,221.0,0.6136363636363636,5.0,315.0,37.0,8.5,10,115,0.0,0.0,0.0,28:46
410,401012786,UCLA,26,loser,28,24.0,0.5,0.0,439.0,335.0,0.7428571428571429,9.6,104.0,29.0,3.6,7,58,1.0,0.0,1.0,23:50
412,401013070,Oklahoma State,197,loser,47,39.0,0.625,1.0,640.0,501.0,0.6415094339622641,9.5,139.0,33.0,4.2,5,31,1.0,1.0,0.0,26:11
415,401012870,Iowa,2294,loser,10,16.0,0.23076923076923078,0.0,333.0,269.0,0.6585365853658537,6.6,64.0,22.0,2.9,3,35,2.0,2.0,0.0,28:54
416,401015042,North Texas,249,loser,31,23.0,0.35294117647058826,0.5,395.0,240.0,0.5909090909090909,5.5,155.0,38.0,4.1,4,60,2.0,1.0,1.0,32:27
418,401019526,ECU,151,loser,18,23.0,0.13636363636363635,0.5,450.0,360.0,0.3088235294117647,5.3,90.0,26.0,3.5,7,69,1.0,0.0,1.0,26:44
420,401012789,Oregon,2483,loser,25,18.0,0.4,0.0,405.0,288.0,0.5882352941176471,8.5,117.0,32.0,3.7,7,63,1.0,1.0,0.0,26:59
422,401013172,Miami,2390,loser,21,13.0,0.6,1.0,299.0,165.0,0.6086956521739131,7.2,134.0,30.0,4.5,7,49,3.0,3.0,0.0,25:15
424,401015043,Southern Miss,2572,loser,23,15.0,0.3333333333333333,0.0,165.0,160.0,0.41025641025641024,4.1,5.0,34.0,0.1,8,58,1.0,0.0,1.0,26:58
427,401013321,Texas Tech,2641,loser,34,32.0,0.6666666666666666,0.5,595.0,454.0,0.7916666666666666,9.5,141.0,33.0,4.3,8,89,3.0,2.0,1.0,26:52
429,401012332,Arkansas,8,loser,17,14.0,0.16666666666666666,0.5,216.0,200.0,0.48717948717948717,5.1,16.0,19.0,0.8,6,60,2.0,1.0,1.0,24:05
431,401012787,USC,30,loser,14,18.0,0.4117647058823529,0.5,277.0,180.0,0.6176470588235294,5.3,97.0,38.0,2.6,5,55,2.0,1.0,1.0,32:47
433,401022558,San Diego State,21,loser,24,21.0,0.35714285714285715,1.0,368.0,279.0,0.6111111111111112,7.8,89.0,34.0,2.6,4,45,2.0,0.0,2.0,30:43
434,401020780,W Michigan,2711,loser,41,33.0,0.4,0.5,548.0,187.0,0.6896551724137931,6.4,361.0,67.0,5.4,6,50,1.0,1.0,0.0,42:00
437,401020782,N Illinois,2459,loser,7,15.0,0.14285714285714285,0.3333333333333333,369.0,157.0,0.45454545454545453,4.8,212.0,37.0,5.7,9,90,2.0,1.0,1.0,25:24
438,401015045,FAU,2226,loser,38,20.0,0.2222222222222222,0.6666666666666666,489.0,294.0,0.6,8.4,195.0,47.0,4.1,5,58,2.0,0.0,2.0,28:17
440,401012887,Mich. St.,127,loser,6,18.0,0.45,0.0,289.0,146.0,0.36585365853658536,3.6,143.0,38.0,3.8,7,87,2.0,1.0,1.0,34:39
443,401012878,Maryland,120,loser,51,18.0,0.23076923076923078,1.0,535.0,196.0,0.5,14.0,339.0,48.0,7.1,9,88,1.0,1.0,0.0,28:22
445,401013036,Baylor,239,loser,9,20.0,0.15384615384615385,0.5,303.0,163.0,0.4827586206896552,5.6,140.0,40.0,3.5,9,66,3.0,2.0,1.0,25:51
447,401022561,Colorado State,36,loser,24,29.0,0.42857142857142855,0.0,506.0,307.0,0.6578947368421053,8.1,199.0,44.0,4.5,11,86,2.0,0.0,2.0,42:05
449,401015044,Charlotte,2429,loser,35,28.0,0.4166666666666667,0.75,534.0,253.0,0.7272727272727273,11.5,281.0,57.0,4.9,7,65,2.0,1.0,1.0,35:55
450,401013175,Boston College,103,loser,21,20.0,0.3684210526315789,0.5,422.0,297.0,0.47368421052631576,7.8,125.0,49.0,2.6,5,40,2.0,0.0,2.0,31:34
452,401013327,West Virginia,277,loser,41,25.0,0.2777777777777778,0.6666666666666666,553.0,364.0,0.5625,7.6,189.0,43.0,4.4,5,24,1.0,1.0,0.0,29:45
454,401012791,USC,30,loser,27,19.0,0.3076923076923077,0.6666666666666666,449.0,337.0,0.5882352941176471,9.9,112.0,27.0,4.1,9,63,2.0,0.0,2.0,27:02
456,401013177,UVA,258,loser,27,24.0,0.5555555555555556,0.0,403.0,273.0,0.7857142857142857,9.8,130.0,33.0,3.9,4,35,1.0,1.0,0.0,28:47
459,401013353,Purdue,2509,loser,44,28.0,0.3125,0.0,462.0,386.0,0.6458333333333334,8.0,76.0,31.0,2.5,5,48,1.0,1.0,0.0,28:32
460,401015046,LA Tech,2348,loser,20,20.0,0.5294117647058824,1.0,311.0,243.0,0.627906976744186,5.7,68.0,23.0,3.0,3,45,0.0,0.0,0.0,28:03
462,401019534,Tulsa,202,loser,29,22.0,0.5,1.0,370.0,206.0,0.6785714285714286,7.4,164.0,44.0,3.7,7,75,2.0,1.0,1.0,27:37
464,401021696,Texas State,326,loser,7,13.0,0.46153846153846156,0.0,284.0,155.0,0.391304347826087,6.7,129.0,36.0,3.6,2,10,6.0,1.0,5.0,24:01
466,401022559,Air Force,2005,loser,27,25.0,0.5384615384615384,1.0,415.0,53.0,0.5555555555555556,5.9,362.0,65.0,5.6,5,66,2.0,0.0,2.0,38:35
468,401012348,Ole Miss,145,loser,29,28.0,0.3333333333333333,0.0,578.0,457.0,0.6153846153846154,8.8,121.0,30.0,4.0,10,89,2.0,0.0,2.0,27:09
470,401012793,Arizona State,9,loser,29,16.0,0.17647058823529413,1.0,324.0,182.0,0.46875,5.7,142.0,41.0,3.5,8,50,1.0,1.0,0.0,33:29
472,401022564,UNLV,2439,loser,28,16.0,0.45,0.4,308.0,87.0,0.4166666666666667,3.6,221.0,53.0,4.2,8,97,0.0,0.0,0.0,32:43
474,401020786,N Illinois,2459,loser,21,16.0,0.4666666666666667,0.0,262.0,156.0,0.6666666666666666,7.4,106.0,43.0,2.5,5,45,3.0,1.0,2.0,24:57
476,401022565,Colorado State,36,loser,19,20.0,0.6363636363636364,0.0,437.0,373.0,0.59375,11.7,64.0,24.0,2.7,8,75,2.0,0.0,2.0,21:29
478,401012871,Nebraska,158,loser,28,24.0,0.4,1.0,400.0,260.0,0.6842105263157895,6.8,140.0,33.0,4.2,3,35,1.0,0.0,1.0,25:19
481,401013056,Kansas,2305,loser,17,14.0,0.47368421052631576,0.0,296.0,159.0,0.5142857142857142,4.5,137.0,33.0,4.2,9,98,1.0,0.0,1.0,28:42
483,401020790,Kent State,2309,loser,20,21.0,0.29411764705882354,0.25,388.0,209.0,0.5428571428571428,6.0,179.0,45.0,4.0,3,30,3.0,2.0,1.0,29:23
484,401021699,C. Carolina,324,loser,28,22.0,0.45454545454545453,0.5,385.0,293.0,0.6363636363636364,8.9,92.0,30.0,3.1,4,40,3.0,2.0,1.0,28:49
486,401013183,UVA,258,loser,31,22.0,0.38461538461538464,0.0,423.0,259.0,0.4827586206896552,8.9,164.0,38.0,4.3,7,62,3.0,3.0,0.0,28:17
489,401013071,West Virginia,277,loser,56,33.0,0.6666666666666666,0.6666666666666666,704.0,539.0,0.6530612244897959,11.0,165.0,41.0,4.0,5,60,2.0,2.0,0.0,31:53
491,401015051,Florida Intl,2229,loser,25,25.0,0.2857142857142857,1.0,391.0,201.0,0.6578947368421053,5.3,190.0,37.0,5.1,3,17,2.0,0.0,2.0,32:29
493,401012861,Indiana,84,loser,21,27.0,0.35714285714285715,0.3333333333333333,487.0,345.0,0.7058823529411765,6.8,142.0,30.0,4.7,6,80,1.0,0.0,1.0,28:15
494,401019539,Navy,2426,loser,28,13.0,0.13333333333333333,0.8,321.0,204.0,0.5,12.8,117.0,45.0,2.6,2,10,0.0,0.0,0.0,32:19
497,401013187,UNC,153,loser,28,19.0,0.25,1.0,429.0,276.0,0.475,6.9,153.0,35.0,4.4,3,40,1.0,0.0,1.0,27:14
498,401013447,New Mexico St,166,loser,21,20.0,0.1875,0.2857142857142857,396.0,313.0,0.5370370370370371,5.8,83.0,27.0,3.1,2,20,2.0,1.0,1.0,25:59
501,401021701,UL Monroe,2433,loser,28,17.0,0.46153846153846156,1.0,344.0,201.0,0.625,8.4,143.0,35.0,4.1,4,50,2.0,1.0,1.0,26:33
503,401012801,UCLA,26,loser,42,31.0,0.21428571428571427,0.6,528.0,466.0,0.6170212765957447,9.9,62.0,37.0,1.7,6,63,2.0,1.0,1.0,28:51
504,401019540,SMU,2567,loser,24,24.0,0.35714285714285715,0.5,380.0,319.0,0.5652173913043478,6.9,61.0,31.0,2.0,6,30,2.0,0.0,2.0,26:41
506,401012815,Illinois,356,loser,16,24.0,0.4666666666666667,1.0,435.0,281.0,0.5897435897435898,7.2,154.0,32.0,4.8,7,66,1.0,0.0,1.0,31:06
509,401012799,Arizona,12,loser,40,26.0,0.5,0.0,520.0,282.0,0.5384615384615384,7.2,238.0,44.0,5.4,7,62,2.0,1.0,1.0,32:17
510,401012850,Rutgers,164,loser,10,10.0,0.2857142857142857,0.0,217.0,109.0,0.5,6.1,108.0,35.0,3.1,8,76,3.0,1.0,2.0,28:44
513,401015050,FAU,2226,loser,24,22.0,0.3333333333333333,0.4,492.0,305.0,0.5714285714285714,10.9,187.0,49.0,3.8,1,10,1.0,1.0,0.0,29:02
515,401015054,UTSA,2636,loser,21,20.0,0.4166666666666667,1.0,400.0,269.0,0.6060606060606061,8.2,131.0,30.0,4.4,9,71,1.0,0.0,1.0,25:59
516,401013047,Kansas State,2306,loser,38,21.0,0.42857142857142855,0.5,428.0,183.0,0.6666666666666666,6.8,245.0,47.0,5.2,7,61,1.0,1.0,0.0,35:18
518,401012356,LSU,99,loser,72,31.0,0.5,1.0,496.0,281.0,0.6666666666666666,7.2,215.0,51.0,4.2,10,70,1.0,1.0,0.0,28:30
521,401012800,USC,30,loser,17,24.0,0.4666666666666667,1.0,443.0,349.0,0.7254901960784313,6.8,94.0,24.0,3.9,8,71,2.0,2.0,0.0,34:11
522,401013078,Oklahoma State,197,loser,24,15.0,0.3333333333333333,0.0,280.0,181.0,0.425,4.5,99.0,32.0,3.1,6,76,2.0,1.0,1.0,20:54
524,401022569,Nevada,2440,loser,29,19.0,0.3333333333333333,0.6666666666666666,464.0,295.0,0.6,6.6,169.0,27.0,6.3,4,50,3.0,0.0,3.0,29:17
526,401012802,BYU,252,loser,27,17.0,0.3888888888888889,0.3333333333333333,357.0,204.0,0.6896551724137931,7.0,153.0,47.0,3.3,3,22,1.0,0.0,1.0,34:18
529,401022568,San Diego State,21,loser,30,21.0,0.25,0.5,402.0,178.0,0.5217391304347826,7.7,224.0,44.0,5.1,5,38,0.0,0.0,0.0,31:57
531,401056696,Buffalo,2084,loser,29,26.0,0.4666666666666667,0.5,394.0,252.0,0.5142857142857142,7.2,142.0,42.0,3.4,3,20,0.0,0.0,0.0,35:05
532,401056704,Utah,254,loser,3,12.0,0.3333333333333333,0.0,188.0,137.0,0.6296296296296297,5.1,51.0,25.0,2.0,2,10,3.0,0.0,3.0,21:28
534,401082044,Drake,2181,loser,24,14.0,0.42857142857142855,0.0,279.0,221.0,0.6896551724137931,7.6,58.0,30.0,1.9,5,50,1.0,0.0,1.0,29:36
537,401056703,Mid Tennessee,2393,loser,25,18.0,0.2,0.5,456.0,362.0,0.6444444444444445,8.0,94.0,24.0,3.9,3,15,2.0,0.0,2.0,28:15
539,401056705,Georgia,61,loser,28,23.0,0.3125,0.6666666666666666,454.0,301.0,0.625,7.5,153.0,39.0,3.9,6,50,0.0,0.0,0.0,35:30
541,401056700,Boise State,68,loser,16,22.0,0.3333333333333333,0.0,350.0,125.0,0.4838709677419355,4.0,225.0,55.0,4.1,6,50,1.0,1.0,0.0,34:39
542,401013376,Navy,2426,loser,10,11.0,0.23076923076923078,0.6666666666666666,208.0,81.0,0.29411764705882354,4.8,127.0,37.0,3.4,5,30,4.0,2.0,2.0,25:39
545,401032056,E Michigan,2199,loser,21,14.0,0.36363636363636365,0.5,301.0,204.0,0.6538461538461539,7.8,97.0,24.0,4.0,4,25,0.0,0.0,0.0,22:22
547,401032061,Toledo,2649,loser,32,21.0,0.18181818181818182,1.0,388.0,264.0,0.5789473684210527,6.9,124.0,27.0,4.6,5,55,1.0,1.0,0.0,26:49
548,401032063,Memphis,235,loser,34,22.0,0.375,0.5,378.0,171.0,0.5172413793103449,5.9,207.0,53.0,3.9,3,20,1.0,0.0,1.0,30:38
550,401032069,Cal,25,loser,7,14.0,0.2857142857142857,0.0,264.0,164.0,0.5151515151515151,5.0,100.0,30.0,3.3,3,20,5.0,0.0,5.0,25:13
553,401032072,Vanderbilt,238,loser,38,22.0,0.5384615384615384,0.5,573.0,286.0,0.47368421052631576,7.5,287.0,24.0,12.0,4,26,1.0,1.0,0.0,24:34
554,401032075,Iowa State,66,loser,26,22.0,0.3,1.0,515.0,315.0,0.6666666666666666,11.7,200.0,39.0,5.1,10,63,3.0,1.0,2.0,29:33
556,401035252,Arkansas State,2032,loser,13,25.0,0.11764705882352941,0.4,499.0,275.0,0.5652173913043478,6.0,224.0,47.0,4.8,4,25,3.0,0.0,3.0,30:37
559,401032080,VT,259,loser,31,24.0,0.42857142857142855,0.5,443.0,219.0,0.6451612903225806,7.1,224.0,45.0,5.0,10,92,2.0,1.0,1.0,31:05
561,401035251,Pitt,221,loser,13,18.0,0.29411764705882354,0.5,344.0,136.0,0.3793103448275862,4.7,208.0,42.0,5.0,6,39,0.0,0.0,0.0,33:39
562,401035254,Mich. St.,127,loser,6,19.0,0.36363636363636365,0.0,331.0,172.0,0.55,4.3,159.0,46.0,3.5,5,35,1.0,0.0,1.0,37:15
564,401032081,Missouri,142,loser,33,27.0,0.5,0.3333333333333333,637.0,373.0,0.6052631578947368,9.8,264.0,42.0,6.3,6,65,1.0,1.0,0.0,32:25
566,401032083,Miss St,344,loser,22,15.0,0.29411764705882354,0.5,342.0,152.0,0.4375,4.8,190.0,42.0,4.5,8,90,3.0,1.0,2.0,33:34
569,401032084,UCF,2116,loser,32,17.0,0.4,0.0,250.0,120.0,0.3870967741935484,3.9,130.0,30.0,4.3,12,104,2.0,1.0,1.0,15:29
571,401032088,Penn State,213,loser,24,20.0,0.2857142857142857,0.5,407.0,246.0,0.4857142857142857,7.0,161.0,41.0,3.9,3,24,2.0,1.0,1.0,29:18
572,401032085,Washington,264,loser,23,27.0,0.45,0.3333333333333333,444.0,315.0,0.6545454545454545,5.7,129.0,36.0,3.6,6,46,0.0,0.0,0.0,35:02
575,401032086,Georgia,61,loser,21,20.0,0.46153846153846156,0.0,284.0,212.0,0.5882352941176471,6.2,72.0,30.0,2.4,3,35,2.0,1.0,1.0,25:00
