,Game ID,thirdDownEff,completionAttempts,yardsPerPass,rushingYards
1538,401554566,0.3333333333333333,0.4117647058823529,5.4,144.0
1541,401551788,0.3636363636363636,0.5581395348837209,7.4,180.0
1540,401551786,0.2307692307692307,0.6956521739130435,5.0,172.0
1539,401551778,0.4,0.675,9.5,128.0
1537,401551766,0.3636363636363636,0.5714285714285714,10.9,92.0
1536,401551762,0.3333333333333333,0.6451612903225806,5.8,130.0
1534,401551756,0.3076923076923077,0.5526315789473685,5.8,82.0
1528,401551751,0.3125,0.4814814814814814,5.7,92.0
1535,401551749,0.3636363636363636,0.6,10.6,73.0
1533,401551744,0.3333333333333333,0.6428571428571429,5.2,138.0
1532,401551741,0.5,0.5333333333333333,8.3,101.0
1531,401551739,0.25,0.5789473684210527,6.3,89.0
1529,401551731,0.2727272727272727,0.6,4.4,183.0
1530,401551469,0.5,0.5909090909090909,5.6,196.0
1526,401539483,0.3333333333333333,0.7241379310344828,8.4,78.0
1525,401539475,0.3,0.6176470588235294,7.0,124.0
1501,401532629,0.4117647058823529,0.3863636363636363,4.6,337.0
1514,401532628,0.4545454545454545,0.6551724137931034,7.9,182.0
1524,401532626,0.5333333333333333,0.6842105263157895,8.3,108.0
1502,401532625,0.3571428571428571,0.4444444444444444,7.3,206.0
1488,401532624,0.2142857142857142,0.3333333333333333,6.7,344.0
1499,401532622,0.3076923076923077,0.5625,6.1,34.0
1469,401532617,0.3571428571428571,0.76,5.1,145.0
1447,401532612,0.3888888888888889,0.65,6.6,121.0
1451,401532608,0.5,0.5217391304347826,6.8,177.0
1421,401532606,0.5,0.6,7.7,156.0
1404,401532601,0.0,0.4285714285714285,3.4,157.0
1399,401532599,0.4375,0.6363636363636364,7.1,137.0
1375,401532598,0.6,0.6,8.5,109.0
1377,401532595,0.5,0.6041666666666666,8.9,53.0
1363,401532594,0.2307692307692307,0.575,9.1,205.0
1376,401532593,0.3636363636363636,0.625,5.8,246.0
1358,401532592,0.3333333333333333,0.6052631578947368,8.6,104.0
1357,401532591,0.4666666666666667,0.6521739130434783,6.2,38.0
1291,401532583,0.5384615384615384,0.7391304347826086,11.9,166.0
1270,401532574,0.3888888888888889,0.5869565217391305,5.1,133.0
1249,401532571,0.4666666666666667,0.492063492063492,5.1,22.0
1503,401532454,0.1538461538461538,0.7368421052631579,4.8,274.0
1474,401532445,0.631578947368421,0.7419354838709677,7.7,75.0
1473,401532443,0.3529411764705882,0.5652173913043478,6.7,95.0
1453,401532437,0.3,0.5357142857142857,5.0,174.0
1424,401532436,0.3571428571428571,0.6521739130434783,10.0,117.0
1423,401532435,0.5333333333333333,0.4736842105263157,3.5,217.0
1422,401532433,0.0,0.5714285714285714,8.5,208.0
1385,401532428,0.2727272727272727,0.7142857142857143,6.9,79.0
1396,401532427,0.4666666666666667,0.4722222222222222,5.6,97.0
1387,401532426,0.5,0.5384615384615384,5.8,106.0
1389,401532425,0.2307692307692307,0.6129032258064516,5.2,99.0
1368,401532420,0.2307692307692307,0.4705882352941176,3.6,70.0
1367,401532419,0.3571428571428571,0.25,2.4,168.0
1323,401532412,0.1818181818181818,0.6785714285714286,4.9,117.0
1329,401532411,0.2,0.6774193548387096,8.3,186.0
1324,401532410,0.5,0.7692307692307693,7.2,155.0
1285,401532403,0.4444444444444444,0.5714285714285714,5.4,40.0
1261,401532401,0.4545454545454545,0.8,8.8,97.0
1262,401532399,0.125,0.4545454545454545,4.6,79.0
1255,401532397,0.5,0.6052631578947368,7.8,63.0
1254,401532396,0.4285714285714285,0.6153846153846154,9.5,45.0
1232,401532392,0.4117647058823529,0.5098039215686274,5.5,111.0
1521,401531928,0.4666666666666667,0.8,8.9,77.0
1512,401531925,0.3157894736842105,0.7222222222222222,5.6,97.0
1489,401531921,0.3333333333333333,0.7435897435897436,7.2,66.0
1484,401531918,0.4,0.5869565217391305,6.3,61.0
1493,401531917,0.4666666666666667,0.5714285714285714,6.7,121.0
1468,401531916,0.1538461538461538,0.5357142857142857,6.6,116.0
1470,401531914,0.2631578947368421,0.5178571428571429,5.5,77.0
1465,401531912,0.375,0.5263157894736842,4.3,199.0
1455,401531911,0.2666666666666666,0.631578947368421,6.8,130.0
1438,401531907,0.3076923076923077,0.5714285714285714,6.1,173.0
1418,401531900,0.5,0.7222222222222222,7.7,138.0
1401,401531897,0.3888888888888889,0.5172413793103449,4.3,165.0
1400,401531895,0.2142857142857142,0.6875,7.9,127.0
1374,401531891,0.2142857142857142,0.6363636363636364,6.8,135.0
1361,401531888,0.2727272727272727,0.5806451612903226,9.8,111.0
1354,401531886,0.375,0.5769230769230769,6.4,110.0
1346,401531884,0.4,0.75,8.2,204.0
1336,401531882,0.2727272727272727,0.6666666666666666,9.9,203.0
1328,401531881,0.2307692307692307,0.4782608695652174,4.1,339.0
1321,401531880,0.2777777777777778,0.56,6.0,27.0
1302,401531876,0.5384615384615384,0.6296296296296297,9.4,151.0
1310,401531875,0.3529411764705882,0.5142857142857142,5.6,178.0
1304,401531874,0.4666666666666667,0.5555555555555556,6.0,234.0
1298,401531873,0.25,0.5769230769230769,4.8,126.0
1315,401531872,0.3888888888888889,0.5510204081632653,8.2,98.0
1306,401531870,0.5263157894736842,0.55,5.0,217.0
1284,401531848,0.2,0.5434782608695652,7.2,-12.0
1260,401531842,0.4285714285714285,0.6944444444444444,7.9,169.0
1243,401531838,0.25,0.5789473684210527,5.1,106.0
1235,401531834,0.65,0.6,10.2,112.0
1448,401531440,0.1666666666666666,0.5625,5.2,124.0
1350,401531433,0.1818181818181818,0.6666666666666666,8.1,206.0
1482,401531431,0.4615384615384615,0.6862745098039216,7.9,62.0
1413,401531430,0.5,0.64,8.2,180.0
1331,401531429,0.3,0.6052631578947368,9.9,144.0
1272,401531428,0.5,0.5,6.7,299.0
1508,401531421,0.3333333333333333,0.6842105263157895,6.7,151.0
1259,401531419,0.3333333333333333,0.5348837209302325,4.2,5.0
1333,401531414,0.3333333333333333,0.4666666666666667,5.5,145.0
1463,401531408,0.3333333333333333,0.5384615384615384,6.5,223.0
1386,401531406,0.1428571428571428,0.46875,2.8,39.0
1436,401531399,0.5625,0.5405405405405406,7.4,187.0
1273,401531396,0.4,0.6296296296296297,8.9,121.0
1256,401531395,0.2142857142857142,0.5333333333333333,7.0,31.0
1461,401531393,0.1538461538461538,0.5106382978723404,6.0,109.0
1242,401531387,0.25,0.5862068965517241,7.1,74.0
1509,401531386,0.4545454545454545,0.6153846153846154,11.0,221.0
1435,401531383,0.25,0.5151515151515151,8.9,191.0
1437,401531374,0.3333333333333333,0.5555555555555556,6.7,70.0
1415,401531373,0.4444444444444444,0.6206896551724138,6.5,82.0
1393,401531372,0.3846153846153846,0.6862745098039216,6.7,83.0
1511,401531346,0.3,0.6666666666666666,10.2,225.0
1485,401531345,0.5,0.5,7.4,183.0
1460,401531344,0.4117647058823529,0.6341463414634146,8.7,122.0
1444,401531343,0.5454545454545454,0.4193548387096774,4.5,273.0
1352,401531340,0.4705882352941176,0.4642857142857143,6.5,194.0
1292,401531338,0.3571428571428571,0.5862068965517241,4.4,167.0
1299,401526835,0.4615384615384615,0.64,11.9,197.0
1279,401526834,0.3571428571428571,0.5609756097560976,8.3,124.0
1517,401525905,0.3333333333333333,0.46875,6.2,130.0
1523,401525904,0.4782608695652174,0.5,6.0,209.0
1520,401525902,0.3333333333333333,0.85,10.8,119.0
1492,401525898,0.5714285714285714,0.5,7.8,238.0
1494,401525896,0.4545454545454545,0.6875,10.1,234.0
1480,401525893,0.3571428571428571,0.5769230769230769,6.7,217.0
1471,401525891,0.2727272727272727,0.6666666666666666,8.4,88.0
1459,401525888,0.4666666666666667,0.4,5.5,207.0
1433,401525884,0.1538461538461538,0.6046511627906976,7.6,30.0
1441,401525883,0.4166666666666667,0.7027027027027027,9.3,148.0
1446,401525882,0.5,0.7777777777777778,9.6,75.0
1442,401525881,0.3333333333333333,0.7037037037037037,9.9,248.0
1443,401525880,0.4615384615384615,0.7837837837837838,7.1,150.0
1425,401525879,0.5555555555555556,0.6153846153846154,6.8,87.0
1411,401525874,0.2,0.7368421052631579,9.0,269.0
1381,401525871,0.25,0.5333333333333333,8.3,149.0
1395,401525869,0.3076923076923077,0.6956521739130435,8.2,14.0
1382,401525868,0.4666666666666667,0.6129032258064516,5.2,288.0
1369,401525864,0.5384615384615384,0.6764705882352942,12.1,90.0
1362,401525862,0.6842105263157895,0.5263157894736842,10.3,155.0
1341,401525861,0.3571428571428571,0.8421052631578947,9.8,156.0
1340,401525857,0.375,0.4411764705882353,4.5,220.0
1327,401525856,0.3846153846153846,0.5,9.0,235.0
1335,401525853,0.375,0.5609756097560976,7.3,135.0
1319,401525851,0.5,0.6216216216216216,6.9,242.0
1300,401525850,0.1111111111111111,0.3488372093023256,3.7,160.0
1301,401525846,0.2941176470588235,0.4791666666666667,5.8,131.0
1275,401525838,0.2727272727272727,0.7083333333333334,9.7,38.0
1289,401525837,0.4666666666666667,0.6818181818181818,5.1,150.0
1283,401525835,0.4705882352941176,0.5294117647058824,7.8,273.0
1267,401525831,0.5294117647058824,0.5581395348837209,6.0,183.0
1268,401525827,0.4285714285714285,0.5185185185185185,7.8,173.0
1247,401525825,0.4117647058823529,0.6595744680851063,7.2,93.0
1246,401525819,0.3076923076923077,0.5,5.8,208.0
1510,401525563,0.4,0.75,11.0,121.0
1487,401525559,0.1428571428571428,0.5666666666666667,7.5,124.0
1481,401525558,0.4285714285714285,0.6153846153846154,8.4,159.0
1486,401525555,0.2857142857142857,0.5777777777777777,6.0,159.0
1475,401525553,0.25,0.52,6.8,154.0
1466,401525550,0.25,0.3333333333333333,6.8,131.0
1472,401525549,0.3333333333333333,0.5862068965517241,6.9,179.0
1454,401525546,0.2666666666666666,0.625,9.8,120.0
1427,401525540,0.3,0.4117647058823529,2.2,209.0
1426,401525539,0.3846153846153846,0.8421052631578947,12.7,159.0
1414,401525538,0.4210526315789473,0.631578947368421,6.3,138.0
1419,401525537,0.6,0.68,12.4,267.0
1412,401525534,0.3888888888888889,0.6470588235294118,5.2,101.0
1390,401525532,0.45,0.6222222222222222,6.7,112.0
1397,401525531,0.3076923076923077,0.5,7.2,143.0
1403,401525529,0.2857142857142857,0.5294117647058824,9.2,31.0
1343,401525521,0.2777777777777778,0.5576923076923077,6.1,104.0
1356,401525519,0.5,0.6666666666666666,8.0,165.0
1347,401525517,0.1666666666666666,0.6,5.5,102.0
1325,401525513,0.25,0.6470588235294118,7.3,59.0
1318,401525512,0.2,0.52,4.5,89.0
1294,401525511,0.1538461538461538,0.5428571428571428,4.6,184.0
1293,401525507,0.4285714285714285,0.6578947368421053,7.4,146.0
1290,401525505,0.3571428571428571,0.6,9.0,113.0
1276,401525504,0.2,0.4074074074074074,8.6,67.0
1277,401525500,0.4210526315789473,0.5882352941176471,9.0,152.0
1252,401525498,0.3076923076923077,0.7692307692307693,14.5,18.0
1264,401525496,0.3571428571428571,0.3125,5.6,83.0
1258,401525495,0.4705882352941176,0.5116279069767442,6.4,219.0
1253,401525490,0.4444444444444444,0.6666666666666666,8.7,264.0
1240,401525464,0.3529411764705882,0.4473684210526316,4.4,146.0
1238,401525462,0.4615384615384615,0.59375,9.8,175.0
1434,401525451,0.3846153846153846,0.5714285714285714,3.1,247.0
1430,401525441,0.2307692307692307,0.4333333333333333,4.9,183.0
1334,401525438,0.4,0.4444444444444444,5.0,189.0
1518,401524068,0.4117647058823529,0.6530612244897959,6.5,64.0
1513,401524067,0.3333333333333333,0.72,9.0,37.0
1496,401524060,0.25,0.4848484848484848,5.1,148.0
1464,401524056,0.4545454545454545,0.5666666666666667,8.9,115.0
1462,401524052,0.3333333333333333,0.6285714285714286,7.5,77.0
1467,401524051,0.3333333333333333,0.5833333333333334,6.0,125.0
1450,401524050,0.3333333333333333,0.6,6.0,4.0
1452,401524046,0.3571428571428571,0.6153846153846154,6.3,-7.0
1416,401524041,0.4285714285714285,0.6410256410256411,7.5,235.0
1420,401524039,0.5,0.5454545454545454,8.4,131.0
1405,401524038,0.2941176470588235,0.5531914893617021,4.2,145.0
1402,401524037,0.3636363636363636,0.6857142857142857,7.3,145.0
1370,401524034,0.625,0.75,7.7,204.0
1364,401524029,0.4615384615384615,0.7021276595744681,8.5,132.0
1344,401524028,0.1538461538461538,0.5,5.1,12.0
1353,401524026,0.3529411764705882,0.64,6.7,57.0
1359,401524025,0.5,0.7142857142857143,8.7,203.0
1322,401524023,0.5,0.6666666666666666,8.2,193.0
1326,401524022,0.2,0.627906976744186,8.4,77.0
1337,401524021,0.3846153846153846,0.6923076923076923,5.9,110.0
1308,401524019,0.4285714285714285,0.5,5.8,242.0
1297,401524017,0.1764705882352941,0.4285714285714285,6.7,9.0
1303,401524016,0.4375,0.5625,7.7,108.0
1287,401524010,0.5,0.4583333333333333,8.6,180.0
1288,401524007,0.5,0.7291666666666666,8.3,102.0
1266,401524002,0.5833333333333334,0.631578947368421,7.4,174.0
1250,401523999,0.2727272727272727,0.4285714285714285,7.8,121.0
1241,401523994,0.5882352941176471,0.5714285714285714,6.6,262.0
1237,401523987,0.3846153846153846,0.5,7.7,87.0
1309,401521330,0.5,0.68,7.0,176.0
1527,401520445,0.2857142857142857,0.5517241379310345,6.2,130.0
1507,401520440,0.25,0.7948717948717948,7.1,66.0
1506,401520438,0.0909090909090909,0.5483870967741935,7.3,133.0
1519,401520437,0.1538461538461538,0.5666666666666667,8.3,85.0
1505,401520434,0.4444444444444444,0.6,9.0,107.0
1504,401520432,0.5294117647058824,0.7272727272727273,7.3,161.0
1516,401520431,0.3846153846153846,0.7142857142857143,9.9,107.0
1522,401520430,0.1818181818181818,0.5238095238095238,7.5,205.0
1515,401520427,0.3333333333333333,0.3529411764705882,5.5,244.0
1500,401520425,0.4705882352941176,0.5357142857142857,6.8,75.0
1491,401520423,0.25,0.5555555555555556,6.0,86.0
1497,401520422,0.3846153846153846,0.625,7.0,195.0
1495,401520418,0.4615384615384615,0.5,5.0,122.0
1478,401520414,0.375,0.7391304347826086,6.1,303.0
1498,401520413,0.4545454545454545,0.6923076923076923,9.2,261.0
1483,401520411,0.5625,0.5853658536585366,8.9,89.0
1476,401520410,0.4166666666666667,0.6774193548387096,8.0,15.0
1490,401520406,0.3333333333333333,0.4680851063829787,4.6,65.0
1477,401520405,0.4705882352941176,0.5588235294117647,5.8,205.0
1479,401520403,0.4,0.7222222222222222,7.8,105.0
1456,401520392,0.2222222222222222,0.4761904761904761,4.1,183.0
1457,401520383,0.5384615384615384,0.6666666666666666,8.8,162.0
1458,401520381,0.5333333333333333,0.6956521739130435,6.8,239.0
1449,401520378,0.2307692307692307,0.5833333333333334,8.9,154.0
1429,401520374,0.4545454545454545,0.7380952380952381,7.3,152.0
1439,401520373,0.3529411764705882,0.6,4.1,89.0
1445,401520372,0.3125,0.5555555555555556,4.9,168.0
1440,401520370,0.25,0.5,7.6,93.0
1431,401520369,0.3333333333333333,0.4285714285714285,4.6,148.0
1432,401520365,0.4375,0.4883720930232558,5.7,101.0
1428,401520363,0.4705882352941176,0.6190476190476191,6.7,112.0
1410,401520356,0.4,0.6382978723404256,5.8,117.0
1417,401520353,0.4545454545454545,0.717948717948718,9.5,72.0
1409,401520351,0.4,0.4583333333333333,5.4,92.0
1408,401520349,0.5,0.4285714285714285,7.5,204.0
1407,401520348,0.5,0.575,5.6,129.0
1406,401520345,0.2727272727272727,0.7407407407407407,8.8,133.0
1388,401520344,0.3846153846153846,0.5588235294117647,5.1,193.0
1384,401520343,0.0625,0.4285714285714285,4.5,49.0
1392,401520342,0.2,0.5217391304347826,7.7,81.0
1394,401520338,0.2666666666666666,0.3571428571428571,4.1,11.0
1391,401520336,0.4375,0.6190476190476191,4.8,223.0
1398,401520335,0.2857142857142857,0.7058823529411765,7.2,153.0
1383,401520334,0.2941176470588235,0.6129032258064516,3.1,103.0
1380,401520331,0.3571428571428571,0.6458333333333334,6.4,104.0
1378,401520330,0.4,0.6486486486486487,9.0,96.0
1379,401520329,0.3888888888888889,0.5,5.2,89.0
1371,401520326,0.3333333333333333,0.4705882352941176,6.6,54.0
1372,401520325,0.5,0.7666666666666667,10.4,152.0
1365,401520324,0.3333333333333333,0.6206896551724138,4.6,106.0
1373,401520320,0.3333333333333333,0.7,7.2,93.0
1366,401520316,0.2857142857142857,0.5833333333333334,6.3,100.0
1360,401520313,0.2307692307692307,0.6382978723404256,7.2,79.0
1348,401520310,0.3333333333333333,0.56,9.6,67.0
1351,401520309,0.4,0.673469387755102,7.4,112.0
1355,401520308,0.4375,0.6410256410256411,6.4,36.0
1345,401520306,0.4666666666666667,0.6,5.6,162.0
1349,401520302,0.4736842105263157,0.625,6.2,96.0
1342,401520298,0.3,0.7692307692307693,8.1,161.0
1338,401520296,0.2857142857142857,0.6428571428571429,6.1,72.0
1339,401520295,0.2352941176470588,0.5121951219512195,6.3,138.0
1320,401520292,0.3571428571428571,0.71875,8.0,218.0
1332,401520288,0.5,0.7105263157894737,10.9,223.0
1330,401520280,0.1666666666666666,0.55,4.4,219.0
1317,401520276,0.35,0.5897435897435898,7.7,133.0
1295,401520271,0.2,0.6,6.9,13.0
1311,401520267,0.3571428571428571,0.625,10.1,32.0
1313,401520264,0.2307692307692307,0.7368421052631579,8.1,244.0
1305,401520262,0.4117647058823529,0.7317073170731707,6.8,151.0
1312,401520259,0.3888888888888889,0.6595744680851063,6.7,83.0
1307,401520258,0.6153846153846154,0.6774193548387096,9.3,137.0
1314,401520256,0.2941176470588235,0.5909090909090909,4.8,263.0
1296,401520255,0.3529411764705882,0.5714285714285714,5.2,97.0
1316,401520253,0.5,0.6,10.3,180.0
1281,401520247,0.3888888888888889,0.4864864864864865,9.1,83.0
1280,401520246,0.3888888888888889,0.46875,5.3,173.0
1274,401520236,0.4705882352941176,0.6410256410256411,6.9,138.0
1278,401520230,0.3846153846153846,0.7058823529411765,8.8,58.0
1282,401520229,0.3076923076923077,0.6,8.7,215.0
1286,401520220,0.1538461538461538,0.6857142857142857,7.1,177.0
1251,401520215,0.1666666666666666,0.45,6.9,11.0
1265,401520206,0.5,0.6111111111111112,6.1,66.0
1269,401520205,0.3076923076923077,0.7021276595744681,7.2,91.0
1257,401520194,0.3888888888888889,0.5227272727272727,4.6,87.0
1263,401520189,0.3571428571428571,0.6,8.6,247.0
1271,401520186,0.2222222222222222,0.5526315789473685,4.2,113.0
1245,401520175,0.4,0.5,8.9,172.0
1239,401520170,0.25,0.5666666666666667,8.5,109.0
1248,401520155,0.4666666666666667,0.5405405405405406,6.2,186.0
1244,401520153,0.3333333333333333,0.4772727272727273,4.8,165.0
1236,401520148,0.4545454545454545,0.5789473684210527,6.0,181.0
1233,401520147,0.2727272727272727,0.7714285714285715,10.0,40.0
1234,401520146,0.25,0.3571428571428571,0.3,178.0
1231,401520145,0.25,0.5862068965517241,7.2,156.0
1206,401506450,0.4117647058823529,0.6170212765957447,5.4,52.0
1220,401470891,0.3333333333333333,0.5142857142857142,5.9,116.0
1227,401443543,0.4375,0.6,6.2,105.0
1225,401443542,0.5,0.6666666666666666,9.4,141.0
1214,401442042,0.25,0.6774193548387096,6.3,129.0
1216,401442037,0.3333333333333333,0.6153846153846154,8.5,73.0
1226,401442036,0.3333333333333333,0.6326530612244898,5.9,65.0
1224,401442035,0.2777777777777778,0.4583333333333333,5.6,27.0
1223,401442034,0.4,0.6595744680851063,7.9,51.0
1222,401442033,0.4705882352941176,0.5833333333333334,10.1,253.0
1221,401442032,0.4375,0.6274509803921569,6.5,147.0
1219,401442030,0.5294117647058824,0.6607142857142857,9.7,59.0
1228,401442016,0.2307692307692307,0.6,9.8,186.0
1229,401442015,0.3333333333333333,0.6764705882352942,10.2,119.0
1230,401442013,0.7333333333333333,0.7115384615384616,8.9,132.0
1215,401442009,0.25,0.4418604651162791,7.2,55.0
1213,401442006,0.25,0.6190476190476191,7.2,102.0
1218,401442005,0.2142857142857142,0.4516129032258064,7.4,52.0
1212,401442001,0.5,0.5277777777777778,7.2,176.0
1217,401441998,0.4666666666666667,0.6170212765957447,7.6,89.0
1211,401441997,0.5555555555555556,0.7297297297297297,5.9,171.0
1210,401441994,0.2727272727272727,0.5476190476190477,4.7,147.0
1209,401441993,0.2857142857142857,0.5555555555555556,6.0,110.0
1207,401437030,0.1333333333333333,0.5,7.0,218.0
1197,401426618,0.3636363636363636,0.48,9.8,253.0
1194,401426617,0.3076923076923077,0.5909090909090909,10.4,186.0
1188,401426615,0.4210526315789473,0.675,7.1,178.0
1202,401426614,0.3333333333333333,0.5471698113207547,7.8,83.0
1165,401426608,0.4285714285714285,0.7419354838709677,6.9,137.0
1109,401426602,0.4285714285714285,0.6923076923076923,8.5,221.0
1097,401426601,0.5625,0.5357142857142857,5.7,154.0
1089,401426595,0.375,0.5294117647058824,5.6,280.0
1083,401426594,0.5263157894736842,0.7,6.4,184.0
1058,401426592,0.3636363636363636,0.4166666666666667,8.0,231.0
1069,401426591,0.4666666666666667,0.4838709677419355,10.5,22.0
1066,401426590,0.2352941176470588,0.5405405405405406,6.2,144.0
1073,401426589,0.3636363636363636,0.6,8.2,165.0
1045,401426585,0.125,0.3571428571428571,7.0,64.0
1020,401426582,0.4615384615384615,0.7142857142857143,7.6,108.0
1002,401426578,0.4375,0.6842105263157895,7.1,64.0
1005,401426577,0.5384615384615384,0.6666666666666666,9.9,122.0
1000,401426573,0.4545454545454545,0.5526315789473685,9.1,100.0
977,401426570,0.3636363636363636,0.625,8.4,92.0
983,401426566,0.3125,0.6,7.7,190.0
948,401426563,0.3571428571428571,0.7333333333333333,7.3,216.0
957,401426554,0.6666666666666666,0.6470588235294118,10.1,259.0
922,401426553,0.4375,0.7222222222222222,16.9,181.0
941,401426552,0.2857142857142857,0.32,4.4,187.0
936,401426551,0.3333333333333333,0.6666666666666666,7.6,241.0
913,401426542,0.4166666666666667,0.6222222222222222,7.5,104.0
916,401426536,0.5384615384615384,0.5714285714285714,8.7,114.0
901,401426533,0.5882352941176471,0.7073170731707317,8.5,121.0
1189,401426390,0.4375,0.7407407407407407,11.2,62.0
1190,401426389,0.4666666666666667,0.5833333333333334,7.9,96.0
1201,401426382,0.3846153846153846,0.5769230769230769,9.7,376.0
1168,401426380,0.2,0.55,5.9,54.0
1166,401426379,0.4,0.5588235294117647,5.8,102.0
1164,401426378,0.2307692307692307,0.5333333333333333,11.7,81.0
1138,401426373,0.2941176470588235,0.4411764705882353,5.2,116.0
1133,401426372,0.5416666666666666,0.6097560975609756,8.5,186.0
1145,401426371,0.4,0.5128205128205128,8.0,52.0
1112,401426368,0.5,0.7073170731707317,5.8,130.0
1113,401426367,0.4375,0.4482758620689655,3.9,203.0
1110,401426365,0.3333333333333333,0.5777777777777777,6.2,88.0
1098,401426364,0.4545454545454545,0.6785714285714286,10.0,88.0
1076,401426358,0.1428571428571428,0.6046511627906976,5.8,-6.0
1071,401426356,0.25,0.5348837209302325,7.3,133.0
1057,401426354,0.3076923076923077,0.7073170731707317,5.5,30.0
1041,401426352,0.3333333333333333,0.65625,6.5,86.0
1047,401426351,0.4285714285714285,0.7352941176470589,6.9,50.0
1048,401426350,0.25,0.7407407407407407,13.7,67.0
1043,401426349,0.4375,0.5833333333333334,9.8,207.0
1027,401426344,0.5384615384615384,0.8709677419354839,9.0,145.0
1013,401426342,0.5714285714285714,0.6122448979591837,7.3,91.0
999,401426341,0.375,0.6111111111111112,3.2,161.0
1003,401426337,0.4705882352941176,0.6046511627906976,6.6,178.0
985,401426336,0.3888888888888889,0.6097560975609756,6.5,86.0
976,401426335,0.25,0.6571428571428571,8.1,112.0
954,401426333,0.5454545454545454,0.6216216216216216,8.2,46.0
937,401426332,0.3333333333333333,0.7368421052631579,11.8,47.0
905,401426330,0.2941176470588235,0.5833333333333334,5.5,136.0
1193,401416653,0.3333333333333333,0.7142857142857143,5.9,181.0
1180,401416651,0.2222222222222222,0.3673469387755102,4.8,99.0
1177,401416648,0.4285714285714285,0.6060606060606061,4.3,265.0
1152,401416646,0.0,0.6363636363636364,7.5,200.0
1153,401416645,0.3846153846153846,0.5454545454545454,8.5,159.0
1151,401416644,0.3333333333333333,0.4193548387096774,7.8,116.0
1150,401416642,0.3529411764705882,0.55,8.2,153.0
1122,401416640,0.45,0.59375,6.0,240.0
1123,401416639,0.2857142857142857,0.5,6.2,131.0
1120,401416637,0.2727272727272727,0.5294117647058824,6.6,163.0
1121,401416636,0.25,0.3714285714285714,2.7,187.0
1096,401416635,0.3333333333333333,0.5925925925925926,7.1,127.0
1095,401416632,0.4,0.6097560975609756,4.5,225.0
1084,401416630,0.4375,0.5416666666666666,4.1,118.0
1060,401416628,0.4705882352941176,0.7441860465116279,8.9,109.0
1070,401416627,0.1538461538461538,0.5526315789473685,5.8,83.0
1063,401416626,0.2941176470588235,0.5106382978723404,5.1,201.0
1064,401416625,0.2857142857142857,0.5,6.1,267.0
1065,401416624,0.5,0.5769230769230769,6.8,114.0
1033,401416622,0.4,0.5294117647058824,5.4,98.0
1034,401416619,0.3333333333333333,0.6666666666666666,6.8,20.0
1015,401416618,0.4705882352941176,0.575,7.7,109.0
1016,401416613,0.25,0.475,5.3,130.0
994,401416611,0.2666666666666666,0.6410256410256411,8.3,128.0
996,401416610,0.3571428571428571,0.5384615384615384,4.6,240.0
997,401416609,0.6470588235294118,0.5882352941176471,6.6,184.0
993,401416608,0.4117647058823529,0.5862068965517241,6.7,332.0
969,401416606,0.4545454545454545,0.7714285714285715,14.4,137.0
935,401416596,0.5,0.6764705882352942,9.0,159.0
932,401416595,0.5,0.575,7.1,148.0
926,401416594,0.2666666666666666,0.5853658536585366,7.3,146.0
902,401416592,0.6666666666666666,0.7142857142857143,7.9,165.0
906,401416590,0.6666666666666666,0.6862745098039216,6.9,141.0
899,401416568,0.25,0.6176470588235294,7.8,189.0
1204,401415668,0.2307692307692307,0.5531914893617021,8.2,120.0
1203,401415667,0.4444444444444444,0.65,7.0,298.0
1198,401415666,0.5882352941176471,0.6,6.4,152.0
1179,401415665,0.3333333333333333,0.3846153846153846,3.9,235.0
1192,401415664,0.5333333333333333,0.7142857142857143,8.4,48.0
1155,401415661,0.25,0.5757575757575758,7.0,84.0
1154,401415659,0.4,0.84,9.6,259.0
1140,401415657,0.5,0.5897435897435898,6.1,155.0
1134,401415655,0.5625,0.711864406779661,8.2,47.0
1124,401415654,0.2941176470588235,0.5652173913043478,6.1,174.0
1107,401415651,0.6428571428571429,0.6666666666666666,7.3,149.0
1087,401415646,0.25,0.5,5.6,20.0
1082,401415645,0.4615384615384615,0.72,5.8,244.0
1086,401415644,0.2857142857142857,0.5434782608695652,6.5,35.0
1059,401415641,0.1333333333333333,0.525,4.5,80.0
1050,401415637,0.5333333333333333,0.7297297297297297,11.0,84.0
1031,401415635,0.5,0.375,5.8,372.0
1014,401415633,0.5333333333333333,0.5238095238095238,6.6,224.0
1008,401415630,0.5333333333333333,0.6470588235294118,8.3,156.0
987,401415625,0.5,0.6666666666666666,6.3,175.0
978,401415624,0.4666666666666667,0.6470588235294118,7.9,103.0
938,401415620,0.5,0.5806451612903226,8.4,126.0
921,401415613,0.25,0.4705882352941176,3.9,208.0
910,401415611,0.3125,0.3846153846153846,10.4,184.0
1200,401415272,0.3157894736842105,0.6,6.2,182.0
1176,401415266,0.2857142857142857,0.6216216216216216,7.8,139.0
1174,401415265,0.3846153846153846,0.6666666666666666,8.6,84.0
1171,401415261,0.1,0.1875,1.9,278.0
1125,401415259,0.4,0.5454545454545454,5.2,221.0
1143,401415258,0.4615384615384615,0.6923076923076923,9.7,121.0
1149,401415257,0.2666666666666666,0.4893617021276595,6.5,235.0
1117,401415254,0.3076923076923077,0.6296296296296297,7.7,118.0
1114,401415250,0.4,0.7391304347826086,9.5,104.0
1093,401415249,0.4705882352941176,0.6206896551724138,7.7,64.0
1092,401415248,0.5454545454545454,0.76,11.6,158.0
1094,401415247,0.3529411764705882,0.5,4.5,145.0
1072,401415242,0.3333333333333333,0.6,5.8,84.0
1077,401415241,0.4285714285714285,0.4444444444444444,10.7,175.0
1055,401415239,0.2,0.4888888888888889,6.7,32.0
1046,401415238,0.1333333333333333,0.3636363636363636,4.9,99.0
1028,401415235,0.3,0.5882352941176471,5.8,146.0
1009,401415233,0.3684210526315789,0.4761904761904761,5.8,114.0
1021,401415231,0.5384615384615384,0.4166666666666667,7.9,264.0
991,401415227,0.3076923076923077,0.55,6.5,114.0
973,401415224,0.4615384615384615,0.55,6.4,122.0
945,401415217,0.4615384615384615,0.5,7.2,171.0
904,401415213,0.3846153846153846,0.6486486486486487,7.3,125.0
914,401415211,0.4736842105263157,0.5769230769230769,8.8,61.0
979,401415040,0.375,0.6551724137931034,8.5,204.0
972,401415037,0.3333333333333333,0.6071428571428571,8.4,63.0
956,401415029,0.4666666666666667,0.6842105263157895,9.4,191.0
1135,401414784,0.4347826086956521,0.5581395348837209,7.1,168.0
992,401414782,0.3125,0.4444444444444444,4.8,168.0
1199,401411174,0.6,0.6190476190476191,8.3,106.0
1182,401411172,0.25,0.5918367346938775,4.8,118.0
1158,401411169,0.3888888888888889,0.5333333333333333,6.4,63.0
1169,401411168,0.2857142857142857,0.5333333333333333,6.7,163.0
1147,401411164,0.25,0.5806451612903226,10.3,170.0
1137,401411161,0.1666666666666666,0.5,5.6,200.0
1105,401411157,0.3333333333333333,0.5555555555555556,6.1,138.0
1104,401411156,0.5384615384615384,0.4857142857142857,6.6,186.0
1099,401411151,0.2857142857142857,0.6,7.3,75.0
1085,401411150,0.3125,0.5769230769230769,8.0,119.0
1080,401411146,0.0909090909090909,0.5,11.0,50.0
1061,401411142,0.2727272727272727,0.6923076923076923,6.4,124.0
1056,401411141,0.2857142857142857,0.4444444444444444,4.1,56.0
1035,401411140,0.2666666666666666,0.6363636363636364,5.4,78.0
1052,401411138,0.5384615384615384,0.5714285714285714,6.0,206.0
1053,401411137,0.4444444444444444,0.6451612903225806,7.9,297.0
1026,401411134,0.3846153846153846,0.5,6.0,206.0
1017,401411133,0.3571428571428571,0.7368421052631579,8.7,42.0
1018,401411132,0.3888888888888889,0.4761904761904761,3.2,142.0
1006,401411129,0.1666666666666666,0.5777777777777777,6.8,106.0
989,401411124,0.4375,0.5555555555555556,5.7,147.0
966,401411123,0.4166666666666667,0.6896551724137931,11.6,110.0
962,401411117,0.25,0.5,3.6,149.0
950,401411113,0.2666666666666666,0.6216216216216216,6.4,89.0
944,401411109,0.3571428571428571,0.6176470588235294,7.1,252.0
925,401411103,0.25,0.6666666666666666,7.8,235.0
909,401411096,0.5294117647058824,0.6097560975609756,6.5,116.0
908,401411095,0.5,0.6944444444444444,10.0,288.0
900,401411092,0.5,0.575,5.4,190.0
1195,401405150,0.3125,0.5454545454545454,5.8,143.0
1184,401405148,0.375,0.4358974358974359,3.8,124.0
1157,401405146,0.5,0.6428571428571429,7.1,242.0
1156,401405145,0.3846153846153846,0.7,5.9,148.0
1161,401405143,0.3529411764705882,0.45,3.9,162.0
1159,401405142,0.4545454545454545,0.6,5.3,65.0
1167,401405141,0.4375,0.4666666666666667,5.8,312.0
1132,401405138,0.5,0.5714285714285714,6.7,224.0
1131,401405134,0.3846153846153846,0.5625,6.3,102.0
1103,401405128,0.3125,0.4230769230769231,4.7,146.0
1108,401405127,0.3529411764705882,0.6756756756756757,7.8,153.0
1062,401405121,0.1666666666666666,0.5714285714285714,5.0,62.0
1068,401405118,0.6428571428571429,0.75,6.0,215.0
1044,401405116,0.3333333333333333,0.5833333333333334,5.5,152.0
1042,401405114,0.3076923076923077,0.6976744186046512,7.3,36.0
1049,401405113,0.3333333333333333,0.5517241379310345,12.2,122.0
1007,401405111,0.25,0.4,7.8,115.0
1012,401405109,0.4,0.6842105263157895,8.3,72.0
1024,401405106,0.2941176470588235,0.5,4.7,52.0
963,401405097,0.4285714285714285,0.6410256410256411,6.9,128.0
982,401405093,0.4117647058823529,0.5909090909090909,5.8,107.0
951,401405089,0.2,0.59375,6.7,49.0
958,401405087,0.4761904761904761,0.5370370370370371,6.8,151.0
946,401405084,0.5882352941176471,0.6964285714285714,7.6,61.0
947,401405083,0.3529411764705882,0.627906976744186,5.0,167.0
924,401405073,0.2941176470588235,0.6,7.3,76.0
939,401405072,0.6923076923076923,0.6764705882352942,9.4,257.0
912,401405069,0.4375,0.5609756097560976,6.9,29.0
903,401405064,0.3125,0.5084745762711864,6.2,61.0
911,401405062,0.1875,0.3846153846153846,3.3,33.0
907,401405061,0.5294117647058824,0.5833333333333334,6.4,216.0
898,401405059,0.5625,0.5952380952380952,8.5,110.0
1160,401404165,0.3333333333333333,0.5882352941176471,6.4,115.0
1038,401404162,0.3571428571428571,0.5227272727272727,5.4,86.0
955,401404159,0.25,0.5135135135135135,6.9,171.0
917,401404157,0.25,0.3846153846153846,10.5,252.0
1129,401404156,0.4,0.6,5.2,267.0
1036,401404153,0.3571428571428571,0.8181818181818182,5.9,194.0
995,401404151,0.0,0.7272727272727273,7.1,30.0
1208,401404145,0.2352941176470588,0.25,6.3,259.0
1139,401404142,0.3571428571428571,0.4444444444444444,8.7,279.0
1101,401404141,0.2857142857142857,0.2857142857142857,4.8,78.0
1127,401404131,0.2727272727272727,0.4615384615384615,8.3,255.0
1022,401404127,0.3333333333333333,0.5294117647058824,7.1,160.0
927,401404125,0.3076923076923077,0.5526315789473685,5.8,130.0
1187,401404123,0.3809523809523809,0.4285714285714285,4.2,180.0
1205,401404122,0.3888888888888889,0.6904761904761905,11.0,210.0
1172,401404115,0.4736842105263157,0.6388888888888888,8.2,128.0
1162,401404114,0.4285714285714285,0.7,9.0,232.0
1144,401404113,0.0769230769230769,0.4358974358974359,4.4,28.0
1126,401404112,0.0909090909090909,0.6071428571428571,6.8,236.0
1136,401404110,0.3529411764705882,0.6511627906976745,6.4,59.0
1116,401404107,0.4166666666666667,0.6666666666666666,9.1,139.0
1106,401404104,0.6666666666666666,0.6470588235294118,7.7,238.0
1067,401404098,0.1764705882352941,0.3877551020408163,6.5,204.0
1040,401404095,0.3529411764705882,0.4444444444444444,6.8,141.0
1032,401404093,0.6,0.6944444444444444,9.1,74.0
1030,401404092,0.3636363636363636,0.5675675675675675,11.4,169.0
1011,401404089,0.3571428571428571,0.6176470588235294,10.3,189.0
1023,401404088,0.3333333333333333,0.5789473684210527,5.2,78.0
998,401404084,0.2777777777777778,0.625,6.0,26.0
971,401404082,0.3333333333333333,0.6666666666666666,9.2,151.0
984,401404081,0.3076923076923077,0.6666666666666666,8.5,220.0
967,401404080,0.5333333333333333,0.6388888888888888,7.9,66.0
968,401404079,0.3333333333333333,0.6666666666666666,9.0,139.0
965,401404078,0.5,0.5510204081632653,7.6,104.0
953,401404074,0.1333333333333333,0.6774193548387096,4.8,186.0
931,401404064,0.2727272727272727,0.4444444444444444,3.4,58.0
934,401404063,0.3125,0.5128205128205128,6.8,87.0
942,401404062,0.5,0.6428571428571429,4.9,152.0
1196,401404047,0.3571428571428571,0.6585365853658537,8.0,143.0
1185,401404046,0.3,0.7058823529411765,8.6,67.0
1181,401404045,0.5454545454545454,0.7551020408163265,7.7,161.0
1173,401404044,0.5384615384615384,0.6052631578947368,8.1,204.0
1175,401404043,0.5333333333333333,0.5526315789473685,4.5,156.0
1170,401404041,0.2666666666666666,0.6041666666666666,5.6,129.0
1142,401404037,0.5,0.6785714285714286,10.0,312.0
1148,401404034,0.3333333333333333,0.6666666666666666,6.3,219.0
1100,401404031,0.4,0.631578947368421,4.6,175.0
1119,401404029,0.5333333333333333,0.7142857142857143,8.3,63.0
1081,401404026,0.3,0.8709677419354839,7.2,42.0
1090,401404023,0.5,0.3823529411764705,6.5,137.0
1088,401404022,0.4615384615384615,0.6046511627906976,8.8,163.0
1079,401404019,0.4,0.6176470588235294,7.2,61.0
1074,401404018,0.3076923076923077,0.5384615384615384,8.7,128.0
1054,401404017,0.5555555555555556,0.5952380952380952,9.1,175.0
1051,401404016,0.25,0.4814814814814814,5.6,150.0
1037,401404014,0.2941176470588235,0.5576923076923077,5.0,35.0
1029,401404010,0.4166666666666667,0.5882352941176471,7.9,90.0
1019,401404009,0.5,0.6296296296296297,6.0,134.0
988,401404007,0.5333333333333333,0.673469387755102,7.0,65.0
986,401404000,0.4166666666666667,0.5862068965517241,5.8,153.0
975,401403999,0.4166666666666667,0.7708333333333334,7.8,53.0
949,401403991,0.6428571428571429,0.7222222222222222,6.6,162.0
952,401403987,0.2666666666666666,0.4324324324324324,5.0,112.0
961,401403985,0.4285714285714285,0.8333333333333334,10.3,283.0
928,401403984,0.5333333333333333,0.5806451612903226,7.3,174.0
943,401403979,0.4285714285714285,0.6304347826086957,7.8,132.0
933,401403976,0.0833333333333333,0.5454545454545454,6.2,103.0
919,401403974,0.2352941176470588,0.65625,6.6,61.0
1191,401403962,0.4375,0.2758620689655172,3.4,237.0
1183,401403961,0.4166666666666667,0.7142857142857143,7.1,113.0
1186,401403958,0.5,0.3333333333333333,7.3,262.0
1178,401403956,0.2352941176470588,0.7948717948717948,6.6,78.0
1163,401403955,0.2666666666666666,0.5813953488372093,9.3,45.0
1141,401403943,0.5,0.5625,6.6,191.0
1130,401403942,0.3333333333333333,0.4782608695652174,4.7,213.0
1146,401403940,0.3125,0.3888888888888889,3.4,94.0
1128,401403939,0.3529411764705882,0.5454545454545454,5.3,133.0
1102,401403936,0.1538461538461538,0.6666666666666666,5.3,89.0
1118,401403935,0.3333333333333333,0.3181818181818182,3.4,256.0
1115,401403934,0.375,0.4901960784313725,6.4,137.0
1111,401403932,0.25,0.6216216216216216,7.7,144.0
1091,401403931,0.3571428571428571,0.6363636363636364,7.7,142.0
1078,401403925,0.3571428571428571,0.5319148936170213,5.7,129.0
1075,401403924,0.3684210526315789,0.4888888888888889,5.4,57.0
1039,401403921,0.4615384615384615,0.6730769230769231,8.8,114.0
1010,401403910,0.5294117647058824,0.7333333333333333,7.3,150.0
1025,401403909,0.2941176470588235,0.5319148936170213,5.4,70.0
1004,401403907,0.2307692307692307,0.625,6.0,102.0
990,401403905,0.5,0.75,9.2,108.0
1001,401403903,0.4,0.4871794871794871,8.6,101.0
970,401403901,0.4666666666666667,0.5333333333333333,10.1,141.0
974,401403898,0.3076923076923077,0.4705882352941176,5.7,262.0
981,401403896,0.4,0.5384615384615384,7.7,128.0
964,401403894,0.3076923076923077,0.5833333333333334,7.5,133.0
980,401403893,0.4,0.631578947368421,9.0,244.0
960,401403890,0.3571428571428571,0.5121951219512195,5.3,175.0
959,401403883,0.5333333333333333,0.4285714285714285,4.1,286.0
930,401403878,0.25,0.65,4.9,83.0
929,401403877,0.2222222222222222,0.5227272727272727,6.2,141.0
940,401403870,0.3076923076923077,0.6,6.9,54.0
923,401403868,0.25,0.6764705882352942,8.6,79.0
920,401403867,0.4545454545454545,0.7142857142857143,6.0,139.0
918,401403857,0.6153846153846154,0.6875,6.8,230.0
915,401403855,0.5,0.6046511627906976,7.6,113.0
894,401331654,0.0625,0.45,5.7,23.0
897,401331239,0.4166666666666667,0.7916666666666666,9.9,226.0
895,401331238,0.55,0.5588235294117647,7.5,42.0
896,401331237,0.3636363636363636,0.6333333333333333,7.0,173.0
893,401331232,0.5384615384615384,0.5238095238095238,7.6,60.0
892,401331230,0.35,0.6341463414634146,9.2,288.0
891,401331227,0.4,0.5897435897435898,5.2,66.0
890,401331222,0.5384615384615384,0.5909090909090909,9.4,192.0
889,401331221,0.2666666666666666,0.5135135135135135,6.1,125.0
888,401331215,0.5454545454545454,0.7941176470588235,7.0,195.0
887,401331168,0.3333333333333333,0.6521739130434783,8.5,199.0
886,401331167,0.1,0.4814814814814814,11.2,98.0
885,401331165,0.3571428571428571,0.6060606060606061,5.5,335.0
884,401331164,0.2666666666666666,0.4615384615384615,5.4,235.0
882,401331161,0.2666666666666666,0.4,4.0,171.0
650,401319455,0.4615384615384615,0.6382978723404256,7.5,76.0
845,401310751,0.3846153846153846,0.6176470588235294,10.9,22.0
859,401310749,0.5789473684210527,0.6041666666666666,11.0,124.0
844,401310747,0.4,0.6136363636363636,8.0,18.0
841,401310746,0.3076923076923077,0.7083333333333334,7.3,8.0
819,401310740,0.2666666666666666,0.5102040816326531,5.9,161.0
820,401310739,0.3333333333333333,0.5428571428571428,5.0,85.0
790,401310732,0.4,0.5454545454545454,5.9,271.0
759,401310729,0.5555555555555556,0.6896551724137931,8.3,95.0
774,401310727,0.5294117647058824,0.8032786885245902,7.8,47.0
760,401310725,0.4615384615384615,0.6,9.4,190.0
775,401310724,0.25,0.3333333333333333,4.5,192.0
736,401310723,0.2777777777777778,0.4571428571428571,6.5,117.0
750,401310720,0.25,0.5,4.6,219.0
756,401310718,0.5384615384615384,0.6388888888888888,7.2,78.0
712,401310713,0.6428571428571429,0.6818181818181818,6.8,86.0
713,401310712,0.5,0.5490196078431373,7.6,117.0
660,401310707,0.3846153846153846,0.5357142857142857,10.0,152.0
656,401310705,0.2222222222222222,0.4615384615384615,6.2,127.0
649,401310704,0.6153846153846154,0.5,15.2,437.0
598,401310697,0.3333333333333333,0.6551724137931034,6.9,121.0
589,401310694,0.2666666666666666,0.5217391304347826,6.1,199.0
801,401310253,0.375,0.5652173913043478,9.8,175.0
590,401309937,0.2,0.5151515151515151,6.3,146.0
879,401309910,0.4375,0.6388888888888888,6.9,210.0
850,401309903,0.6666666666666666,0.6071428571428571,6.9,38.0
837,401309897,0.3333333333333333,0.5757575757575758,5.2,95.0
814,401309891,0.4705882352941176,0.5263157894736842,6.7,220.0
807,401309889,0.0714285714285714,0.3793103448275862,3.2,28.0
794,401309886,0.5333333333333333,0.5641025641025641,8.7,127.0
795,401309883,0.3076923076923077,0.65625,6.1,67.0
771,401309881,0.6363636363636364,0.7027027027027027,6.9,93.0
776,401309880,0.4666666666666667,0.6111111111111112,7.4,188.0
769,401309879,0.5263157894736842,0.5217391304347826,5.3,110.0
761,401309877,0.3571428571428571,0.6190476190476191,3.0,218.0
755,401309874,0.6428571428571429,0.6666666666666666,6.1,83.0
752,401309873,0.3846153846153846,0.71875,8.5,76.0
735,401309872,0.4375,0.5555555555555556,5.5,155.0
724,401309869,0.5,0.4230769230769231,6.1,309.0
709,401309865,0.4285714285714285,0.6538461538461539,5.5,176.0
696,401309864,0.375,0.5384615384615384,7.2,228.0
685,401309857,0.5,0.7142857142857143,7.6,138.0
647,401309856,0.3181818181818182,0.5689655172413793,4.4,70.0
655,401309855,0.4,0.5833333333333334,11.6,117.0
654,401309853,0.2142857142857142,0.6097560975609756,6.3,106.0
607,401309841,0.2941176470588235,0.75,7.2,81.0
608,401309840,0.2727272727272727,0.5714285714285714,6.0,149.0
605,401309839,0.2857142857142857,0.5869565217391305,4.9,65.0
595,401309838,0.4666666666666667,0.6976744186046512,6.9,77.0
606,401309837,0.4285714285714285,0.6578947368421053,4.7,153.0
617,401309753,0.1428571428571428,0.6363636363636364,7.6,139.0
874,401309650,0.2666666666666666,0.4705882352941176,4.7,164.0
863,401309648,0.25,0.6829268292682927,8.6,-5.0
869,401309647,0.25,0.6756756756756757,7.5,194.0
849,401309643,0.2777777777777778,0.5833333333333334,5.7,-3.0
828,401309640,0.3333333333333333,0.6304347826086957,5.7,78.0
827,401309639,0.5625,0.5862068965517241,8.0,209.0
836,401309638,0.3333333333333333,0.4571428571428571,5.6,177.0
809,401309636,0.25,0.6571428571428571,5.3,148.0
806,401309635,0.5,0.6363636363636364,6.0,170.0
800,401309632,0.4666666666666667,0.4210526315789473,5.2,209.0
791,401309630,0.5384615384615384,0.6666666666666666,10.3,207.0
779,401309627,0.3333333333333333,0.5483870967741935,7.3,164.0
758,401309624,0.2727272727272727,0.5161290322580645,9.7,113.0
757,401309623,0.3333333333333333,0.6521739130434783,12.7,55.0
745,401309622,0.5,0.6875,8.7,91.0
728,401309619,0.2857142857142857,0.7307692307692307,7.3,140.0
729,401309617,0.2,0.5925925925925926,8.1,82.0
708,401309615,0.3529411764705882,0.6551724137931034,8.4,144.0
674,401309610,0.4,0.4583333333333333,7.3,278.0
646,401309609,0.5333333333333333,0.6097560975609756,6.8,182.0
651,401309608,0.2,0.6060606060606061,8.0,32.0
652,401309607,0.3076923076923077,0.6666666666666666,6.2,26.0
628,401309603,0.5625,0.7027027027027027,9.7,152.0
600,401309600,0.5833333333333334,0.6086956521739131,7.9,62.0
843,401309590,0.4444444444444444,0.6956521739130435,7.0,222.0
842,401309588,0.5,0.7586206896551724,10.6,178.0
823,401309587,0.1,0.4230769230769231,4.8,246.0
821,401309584,0.3571428571428571,0.627906976744186,7.1,84.0
822,401309583,0.5,0.7192982456140351,6.2,98.0
799,401309582,0.4761904761904761,0.5789473684210527,9.3,131.0
798,401309580,0.5,0.6521739130434783,10.0,211.0
796,401309579,0.4166666666666667,0.75,10.3,127.0
762,401309577,0.4166666666666667,0.6190476190476191,7.4,189.0
767,401309576,0.6153846153846154,0.7906976744186046,7.5,135.0
738,401309571,0.3636363636363636,0.6,7.5,271.0
746,401309570,0.3125,0.3902439024390244,5.7,161.0
747,401309569,0.25,0.46875,6.5,142.0
744,401309568,0.5384615384615384,0.7346938775510204,6.9,46.0
723,401309567,0.3076923076923077,0.6842105263157895,10.0,179.0
714,401309564,0.1,0.5161290322580645,7.4,135.0
699,401309562,0.4375,0.6304347826086957,5.7,55.0
688,401309561,0.3636363636363636,0.5454545454545454,6.9,131.0
693,401309558,0.4285714285714285,0.675,8.5,38.0
639,401309552,0.5625,0.6190476190476191,7.0,262.0
616,401309547,0.6,0.5277777777777778,6.5,244.0
621,401309546,0.1666666666666666,0.696969696969697,9.3,9.0
866,401308842,0.4666666666666667,0.5098039215686274,7.9,144.0
797,401308839,0.3333333333333333,0.5614035087719298,8.6,77.0
770,401308838,0.4285714285714285,0.6470588235294118,6.7,100.0
721,401308836,0.375,0.4102564102564102,6.6,126.0
883,401301056,0.3333333333333333,0.4375,6.8,124.0
873,401301055,0.2941176470588235,0.5531914893617021,6.3,107.0
878,401301053,0.625,0.4411764705882353,4.3,305.0
862,401301050,0.375,0.6,7.4,90.0
854,401301047,0.625,1.0,9.3,345.0
835,401301044,0.0714285714285714,0.4193548387096774,5.7,130.0
826,401301042,0.3636363636363636,0.5357142857142857,8.3,108.0
802,401301039,0.4285714285714285,0.6785714285714286,9.4,61.0
810,401301037,0.2857142857142857,0.6666666666666666,5.9,297.0
812,401301036,0.3529411764705882,0.6071428571428571,5.3,132.0
793,401301034,0.3571428571428571,0.6486486486486487,8.2,50.0
780,401301030,0.3636363636363636,0.5652173913043478,7.2,129.0
773,401301028,0.0833333333333333,0.6216216216216216,7.5,82.0
763,401301027,0.3333333333333333,0.6470588235294118,6.8,192.0
739,401301024,0.2727272727272727,0.4230769230769231,6.0,113.0
720,401301021,0.4117647058823529,0.5714285714285714,9.1,177.0
733,401301020,0.5,0.5964912280701754,8.1,151.0
726,401301019,0.2857142857142857,0.625,6.8,141.0
691,401301015,0.6470588235294118,0.6,7.6,157.0
694,401301013,0.2222222222222222,0.5925925925925926,6.6,148.0
673,401301011,0.4615384615384615,0.6216216216216216,8.7,38.0
686,401301009,0.4,0.7083333333333334,7.8,174.0
680,401301008,0.2,0.5,12.3,197.0
676,401301007,0.4,0.6229508196721312,6.6,131.0
626,401301003,0.4210526315789473,0.6363636363636364,8.8,98.0
587,401300995,0.2857142857142857,0.6410256410256411,6.7,20.0
588,401300994,0.1818181818181818,0.5357142857142857,7.2,247.0
881,401287953,0.6,0.6808510638297872,5.6,70.0
860,401287952,0.1111111111111111,0.6923076923076923,5.0,228.0
877,401287951,0.2777777777777778,0.5128205128205128,6.5,189.0
875,401287950,0.3333333333333333,0.6875,7.8,87.0
867,401287948,0.375,0.625,10.9,124.0
847,401287947,0.2,0.4666666666666667,5.1,203.0
857,401287945,0.3636363636363636,0.7333333333333333,8.5,124.0
846,401287944,0.2222222222222222,0.6730769230769231,6.0,51.0
829,401287942,0.5,0.7619047619047619,8.5,89.0
840,401287941,0.6363636363636364,0.673469387755102,8.4,164.0
811,401287936,0.4545454545454545,0.7,10.7,179.0
786,401287933,0.1666666666666666,0.5925925925925926,6.9,239.0
781,401287929,0.2142857142857142,0.6052631578947368,7.4,102.0
764,401287928,0.1818181818181818,0.5263157894736842,7.8,170.0
772,401287925,0.2,0.625,9.4,107.0
737,401287924,0.2857142857142857,0.5555555555555556,6.6,138.0
716,401287918,0.3333333333333333,0.5882352941176471,11.4,128.0
698,401287916,0.4545454545454545,0.7428571428571429,9.4,94.0
689,401287915,0.4615384615384615,0.7142857142857143,6.5,169.0
697,401287913,0.5333333333333333,0.7073170731707317,7.8,100.0
665,401287910,0.5,0.5714285714285714,9.9,170.0
681,401287908,0.2857142857142857,0.6764705882352942,5.3,68.0
667,401287907,0.3571428571428571,0.6666666666666666,8.0,216.0
653,401287903,0.4375,0.6285714285714286,6.9,61.0
625,401287901,0.238095238095238,0.6440677966101694,5.8,32.0
620,401287900,0.4166666666666667,0.5925925925925926,11.4,133.0
612,401287899,0.3076923076923077,0.7037037037037037,8.3,123.0
629,401287897,0.2857142857142857,0.5714285714285714,6.3,100.0
593,401287894,0.2857142857142857,0.6,6.6,100.0
601,401287890,0.3333333333333333,0.5217391304347826,5.1,102.0
592,401287888,0.2307692307692307,0.4545454545454545,4.5,165.0
599,401287887,0.4705882352941176,0.6176470588235294,6.8,45.0
751,401286296,0.5625,0.5714285714285714,4.8,251.0
624,401286295,0.3636363636363636,0.72,8.4,21.0
740,401286192,0.35,0.3518518518518518,3.5,108.0
669,401286190,0.2307692307692307,0.4871794871794871,4.4,110.0
754,401282826,0.4285714285714285,0.8333333333333334,14.5,179.0
594,401282815,0.3181818181818182,0.5945945945945946,5.0,180.0
613,401282809,0.4,0.6481481481481481,9.0,128.0
851,401282803,0.4444444444444444,0.6571428571428571,10.0,101.0
789,401282801,0.4,0.4827586206896552,9.3,130.0
637,401282798,0.4285714285714285,0.76,11.6,95.0
743,401282796,0.3333333333333333,0.5454545454545454,7.3,136.0
690,401282793,0.3888888888888889,0.6538461538461539,7.1,77.0
664,401282792,0.3571428571428571,0.3846153846153846,4.5,182.0
611,401282790,0.4285714285714285,0.5161290322580645,7.6,104.0
870,401282785,0.3846153846153846,0.6764705882352942,9.2,61.0
677,401282784,0.35,0.6944444444444444,6.9,194.0
825,401282780,0.3333333333333333,0.5454545454545454,5.1,109.0
731,401282778,0.2727272727272727,0.6428571428571429,10.4,140.0
785,401282777,0.4705882352941176,0.6458333333333334,8.5,146.0
668,401282775,0.4375,0.5806451612903226,5.0,196.0
596,401282764,0.4285714285714285,0.6,6.9,48.0
830,401282762,0.3684210526315789,0.4545454545454545,6.7,189.0
861,401282761,0.3846153846153846,0.7272727272727273,9.0,129.0
725,401282758,0.3125,0.4782608695652174,3.9,107.0
816,401282757,0.3333333333333333,0.5681818181818182,6.1,93.0
741,401282731,0.4,0.5384615384615384,3.6,134.0
782,401282726,0.25,0.56,9.7,204.0
804,401282720,0.2307692307692307,0.5333333333333333,6.7,89.0
784,401282719,0.25,0.7368421052631579,10.0,107.0
765,401282717,0.2352941176470588,0.5588235294117647,4.9,62.0
672,401282716,0.3125,0.5185185185185185,3.7,175.0
634,401282715,0.4705882352941176,0.3846153846153846,7.1,183.0
586,401282714,0.3571428571428571,0.5,7.3,160.0
618,401282705,0.4117647058823529,0.6060606060606061,6.9,124.0
872,401282703,0.5,0.6666666666666666,8.6,76.0
864,401282699,0.2857142857142857,0.5185185185185185,5.4,297.0
848,401282692,0.4117647058823529,0.4166666666666667,6.2,170.0
839,401282690,0.2142857142857142,0.6271186440677966,6.9,74.0
832,401282685,0.375,0.5319148936170213,6.7,43.0
824,401282683,0.3125,0.6666666666666666,9.0,88.0
803,401282682,0.3888888888888889,0.4901960784313725,7.8,217.0
805,401282681,0.4,0.5526315789473685,5.1,135.0
818,401282680,0.3529411764705882,0.5217391304347826,7.6,223.0
783,401282674,0.4285714285714285,0.6964285714285714,9.3,68.0
766,401282668,0.4166666666666667,0.5,8.9,260.0
777,401282667,0.4615384615384615,0.6136363636363636,6.8,270.0
778,401282665,0.2142857142857142,0.5714285714285714,7.4,111.0
748,401282659,0.5,0.4444444444444444,5.9,157.0
734,401282657,0.3333333333333333,0.4594594594594595,5.2,165.0
730,401282656,0.4705882352941176,0.5,5.5,134.0
722,401282655,0.4666666666666667,0.5555555555555556,5.9,354.0
719,401282653,0.2307692307692307,0.6071428571428571,9.6,233.0
717,401282652,0.4285714285714285,0.7586206896551724,10.1,197.0
692,401282651,0.3333333333333333,0.7037037037037037,11.4,208.0
695,401282648,0.1666666666666666,0.5652173913043478,6.5,239.0
706,401282647,0.3333333333333333,0.575,7.8,46.0
687,401282646,0.3333333333333333,0.5172413793103449,7.0,169.0
666,401282643,0.1818181818181818,0.4615384615384615,4.3,103.0
671,401282640,0.3125,0.6153846153846154,6.4,205.0
659,401282637,0.4166666666666667,0.7619047619047619,10.4,150.0
635,401282636,0.375,0.6129032258064516,7.2,110.0
636,401282632,0.125,0.7352941176470589,12.2,75.0
643,401282628,0.3846153846153846,0.4871794871794871,6.7,157.0
641,401282627,0.2,0.5882352941176471,6.0,95.0
633,401282626,0.2,0.7666666666666667,6.8,212.0
622,401282620,0.3333333333333333,0.6176470588235294,5.9,127.0
631,401282617,0.2857142857142857,0.5294117647058824,3.9,202.0
609,401282614,0.4375,0.5384615384615384,6.8,264.0
602,401282610,0.5,0.5925925925925926,5.9,271.0
868,401282271,0.3125,0.5405405405405406,8.2,124.0
853,401282267,0.4166666666666667,0.6818181818181818,11.5,220.0
855,401282265,0.4705882352941176,0.7058823529411765,6.1,101.0
833,401282258,0.3125,0.5172413793103449,9.4,109.0
831,401282257,0.0833333333333333,0.5641025641025641,5.9,37.0
808,401282247,0.4117647058823529,0.5428571428571428,7.2,215.0
787,401282246,0.3529411764705882,0.5294117647058824,8.0,97.0
788,401282244,0.4,0.5813953488372093,6.4,59.0
792,401282243,0.2352941176470588,0.4893617021276595,7.0,110.0
768,401282238,0.2222222222222222,0.59375,9.9,127.0
727,401282228,0.5625,0.6333333333333333,8.7,147.0
718,401282226,0.5,0.4347826086956521,4.6,208.0
701,401282222,0.3846153846153846,0.6842105263157895,8.3,35.0
702,401282220,0.3333333333333333,0.5909090909090909,7.8,139.0
703,401282218,0.3076923076923077,0.625,8.0,57.0
711,401282217,0.4375,0.5882352941176471,5.7,88.0
705,401282216,0.3333333333333333,0.6595744680851063,6.8,172.0
683,401282214,0.4,0.7045454545454546,8.3,93.0
670,401282213,0.3333333333333333,0.6,13.2,78.0
684,401282212,0.2777777777777778,0.4358974358974359,4.2,123.0
682,401282211,0.3888888888888889,0.56,6.1,90.0
675,401282209,0.4666666666666667,0.5853658536585366,5.5,209.0
657,401282208,0.3846153846153846,0.5454545454545454,8.2,127.0
661,401282206,0.2142857142857142,0.5263157894736842,10.4,42.0
678,401282205,0.4117647058823529,0.4054054054054054,2.5,241.0
658,401282204,0.1818181818181818,0.7,9.5,123.0
645,401282200,0.4615384615384615,0.6,10.8,214.0
640,401282199,0.4545454545454545,0.6153846153846154,9.0,132.0
610,401282193,0.7,0.7,10.9,42.0
623,401282184,0.5,0.7457627118644068,8.4,103.0
627,401282182,0.4210526315789473,0.5,7.6,141.0
604,401282179,0.4444444444444444,0.5116279069767442,6.2,150.0
880,401282156,0.3846153846153846,0.6,9.6,-9.0
876,401282150,0.2142857142857142,0.5714285714285714,6.9,54.0
865,401282147,0.4166666666666667,0.6060606060606061,6.2,145.0
871,401282146,0.2777777777777778,0.6538461538461539,5.3,22.0
858,401282142,0.4285714285714285,0.53125,5.9,191.0
856,401282141,0.2777777777777778,0.6363636363636364,8.1,93.0
852,401282135,0.4375,0.7419354838709677,11.5,110.0
834,401282132,0.4615384615384615,0.5333333333333333,6.4,57.0
838,401282130,0.3333333333333333,0.5675675675675675,5.4,108.0
815,401282123,0.7058823529411765,0.64,7.7,225.0
813,401282121,0.5,0.75,8.7,69.0
817,401282120,0.2777777777777778,0.5151515151515151,5.6,109.0
753,401282110,0.5294117647058824,0.6206896551724138,8.4,222.0
749,401282109,0.3571428571428571,0.5238095238095238,9.8,108.0
742,401282106,0.5,0.575,8.8,138.0
732,401282103,0.5,0.5833333333333334,7.7,153.0
715,401282100,0.5384615384615384,0.7142857142857143,9.3,350.0
707,401282096,0.2666666666666666,0.5581395348837209,7.7,192.0
704,401282095,0.3636363636363636,0.6,6.8,162.0
710,401282092,0.3529411764705882,0.5652173913043478,7.1,33.0
700,401282091,0.3076923076923077,0.75,6.6,171.0
679,401282087,0.25,0.68,6.3,58.0
663,401282086,0.6666666666666666,0.7142857142857143,7.2,88.0
662,401282085,0.6666666666666666,0.7580645161290323,6.0,115.0
644,401282076,0.5294117647058824,0.746268656716418,6.3,49.0
638,401282073,0.4666666666666667,0.6,4.8,171.0
642,401282071,0.4166666666666667,0.6428571428571429,7.0,244.0
648,401282070,0.5882352941176471,0.5384615384615384,4.7,182.0
632,401282068,0.2666666666666666,0.5263157894736842,6.3,207.0
619,401282067,0.2857142857142857,0.52,3.6,171.0
614,401282066,0.4615384615384615,0.6666666666666666,7.2,136.0
615,401282065,0.125,0.48,6.1,116.0
630,401282061,0.6,0.6538461538461539,5.7,104.0
591,401282052,0.5714285714285714,0.6896551724137931,7.9,353.0
597,401281949,0.2666666666666666,0.5675675675675675,7.2,101.0
603,401281946,0.3125,0.5135135135135135,4.8,2.0
571,401147693,0.2352941176470588,0.5263157894736842,5.0,154.0
581,401136255,0.125,0.5517241379310345,8.5,224.0
585,401135291,0.3076923076923077,0.5882352941176471,6.7,76.0
584,401135288,0.2941176470588235,0.6571428571428571,5.3,136.0
583,401135287,0.2727272727272727,0.6296296296296297,6.5,56.0
582,401135284,0.125,0.7142857142857143,8.9,46.0
580,401135283,0.3636363636363636,0.5454545454545454,5.0,219.0
579,401135282,0.3846153846153846,0.6829268292682927,7.9,52.0
578,401135280,0.3333333333333333,0.5277777777777778,5.4,114.0
577,401135279,0.3888888888888889,0.6521739130434783,7.0,196.0
576,401135274,0.3333333333333333,0.5357142857142857,6.6,150.0
575,401135273,0.4705882352941176,0.4137931034482758,6.0,176.0
574,401135271,0.5,0.5490196078431373,6.1,127.0
573,401135269,0.4285714285714285,0.5853658536585366,6.7,231.0
572,401135265,0.375,0.5641025641025641,8.0,132.0
568,401132984,0.5714285714285714,0.5217391304347826,7.7,159.0
569,401132982,0.4117647058823529,0.627906976744186,6.0,99.0
570,401132976,0.4117647058823529,0.4324324324324324,6.3,221.0
567,401132974,0.2,0.3333333333333333,8.5,35.0
565,401121982,0.4666666666666667,0.5945945945945946,8.9,240.0
556,401121980,0.4545454545454545,0.7058823529411765,8.6,36.0
555,401121979,0.4444444444444444,0.6052631578947368,9.0,95.0
538,401121975,0.3333333333333333,0.6363636363636364,10.1,230.0
531,401121974,0.3571428571428571,0.5769230769230769,7.0,292.0
514,401121969,0.2631578947368421,0.53125,5.6,233.0
493,401121967,0.4285714285714285,0.7647058823529411,9.6,184.0
469,401121962,0.3333333333333333,0.7428571428571429,11.0,115.0
470,401121961,0.3529411764705882,0.631578947368421,5.7,233.0
464,401121960,0.3529411764705882,0.4901960784313725,5.3,152.0
431,401121956,0.3125,0.7857142857142857,7.2,127.0
392,401121948,0.0,0.5333333333333333,12.9,53.0
387,401121944,0.4736842105263157,0.576271186440678,6.5,119.0
366,401121942,0.5238095238095238,0.6,5.5,204.0
324,401121937,0.5454545454545454,0.6153846153846154,12.0,215.0
323,401121936,0.25,0.5,6.4,52.0
551,401119313,0.4615384615384615,0.7837837837837838,10.4,123.0
549,401119311,0.25,0.5151515151515151,5.6,163.0
528,401119309,0.3571428571428571,0.64,8.3,330.0
525,401119307,0.1666666666666666,0.6,7.9,5.0
518,401119304,0.4666666666666667,0.56,10.7,231.0
509,401119303,0.4375,0.4090909090909091,6.1,245.0
508,401119302,0.3076923076923077,0.6842105263157895,7.9,208.0
507,401119300,0.3636363636363636,0.6896551724137931,7.8,216.0
482,401119298,0.6470588235294118,0.5555555555555556,4.9,241.0
480,401119297,0.5,0.7777777777777778,14.3,171.0
481,401119296,0.3636363636363636,0.6363636363636364,6.7,261.0
458,401119291,0.4210526315789473,0.5227272727272727,4.8,127.0
454,401119290,0.4,0.5675675675675675,7.7,168.0
440,401119286,0.6363636363636364,0.625,8.0,167.0
428,401119284,0.4375,0.6,6.7,115.0
423,401119283,0.5,0.6857142857142857,7.5,214.0
413,401119279,0.5,0.6060606060606061,7.9,178.0
410,401119276,0.2307692307692307,0.5555555555555556,7.9,89.0
396,401119275,0.3888888888888889,0.4901960784313725,5.9,117.0
397,401119274,0.4285714285714285,0.6956521739130435,8.6,181.0
398,401119272,0.2666666666666666,0.4883720930232558,5.6,147.0
356,401119267,0.4,0.7727272727272727,10.5,115.0
316,401119261,0.4090909090909091,0.3809523809523809,8.8,252.0
303,401119256,0.375,0.6744186046511628,7.1,74.0
534,401117911,0.3846153846153846,0.5517241379310345,8.7,93.0
529,401117908,0.3125,0.5641025641025641,11.1,94.0
541,401117907,0.4117647058823529,0.5555555555555556,5.2,78.0
530,401117906,0.2222222222222222,0.4814814814814814,6.7,221.0
513,401117905,0.2941176470588235,0.4,4.3,203.0
522,401117903,0.4705882352941176,0.6666666666666666,9.9,171.0
484,401117902,0.5625,0.7619047619047619,11.9,146.0
483,401117900,0.4210526315789473,0.6052631578947368,7.6,167.0
477,401117897,0.5,0.6181818181818182,8.3,97.0
475,401117896,0.5882352941176471,0.6153846153846154,10.3,103.0
461,401117893,0.5454545454545454,0.575,7.7,275.0
451,401117890,0.4166666666666667,0.6896551724137931,10.0,187.0
445,401117889,0.3333333333333333,0.5142857142857142,11.6,103.0
427,401117886,0.4,0.6136363636363636,6.1,168.0
408,401117881,0.5833333333333334,0.6363636363636364,8.3,129.0
402,401117878,0.4375,0.5609756097560976,8.4,154.0
393,401117875,0.3529411764705882,0.5434782608695652,6.5,126.0
353,401117869,0.4666666666666667,0.4848484848484848,6.9,304.0
308,401117858,0.2307692307692307,0.64,6.5,90.0
290,401117855,0.1,0.5217391304347826,3.6,103.0
560,401117558,0.4210526315789473,0.6111111111111112,6.5,108.0
566,401117557,0.0833333333333333,0.6666666666666666,6.1,188.0
553,401117554,0.5,0.65,7.2,90.0
537,401117553,0.3076923076923077,0.6607142857142857,8.3,99.0
548,401117552,0.4285714285714285,0.625,5.7,89.0
547,401117551,0.5714285714285714,0.7368421052631579,7.3,53.0
520,401117546,0.3571428571428571,0.5555555555555556,5.1,158.0
506,401117543,0.6666666666666666,0.6666666666666666,8.3,122.0
505,401117542,0.3888888888888889,0.5142857142857142,5.6,113.0
504,401117541,0.4117647058823529,0.6521739130434783,7.0,123.0
499,401117540,0.6363636363636364,0.8,13.2,156.0
479,401117537,0.5882352941176471,0.5098039215686274,6.8,209.0
463,401117534,0.1428571428571428,0.5384615384615384,6.5,121.0
414,401117524,0.1666666666666666,0.5111111111111111,9.0,15.0
420,401117523,0.3846153846153846,0.3571428571428571,7.8,157.0
357,401117509,0.2,0.3125,6.7,143.0
374,401117508,0.4210526315789473,0.5405405405405406,7.6,91.0
372,401117507,0.3333333333333333,0.5925925925925926,7.5,289.0
350,401117505,0.0833333333333333,0.3181818181818182,2.9,62.0
347,401117504,0.35,0.4705882352941176,6.2,93.0
313,401117496,0.2,0.65625,3.7,35.0
307,401117495,0.2,0.5833333333333334,7.4,115.0
444,401117215,0.5,0.5806451612903226,6.0,174.0
412,401117214,0.5454545454545454,0.6363636363636364,6.7,218.0
378,401117213,0.3333333333333333,0.5681818181818182,8.0,101.0
384,401114356,0.5714285714285714,0.6666666666666666,8.0,71.0
501,401114353,0.5294117647058824,0.5869565217391305,6.6,128.0
385,401114350,0.5294117647058824,0.4615384615384615,5.3,223.0
403,401114342,0.3,0.6451612903225806,8.5,131.0
363,401114340,0.5714285714285714,0.6382978723404256,7.1,154.0
472,401114331,0.3846153846153846,0.6428571428571429,15.3,129.0
447,401114330,0.6470588235294118,0.5384615384615384,7.9,326.0
439,401114329,0.4,0.5454545454545454,5.9,278.0
564,401114325,0.2857142857142857,0.6470588235294118,7.9,21.0
559,401114324,0.3333333333333333,0.5454545454545454,9.1,165.0
558,401114321,0.2941176470588235,0.5789473684210527,6.3,82.0
535,401114317,0.2857142857142857,0.53125,5.1,75.0
533,401114315,0.3571428571428571,0.4705882352941176,5.1,97.0
521,401114310,0.25,0.7096774193548387,10.9,106.0
490,401114307,0.4166666666666667,0.6,9.6,82.0
491,401114304,0.5833333333333334,0.75,10.8,174.0
466,401114300,0.2666666666666666,0.5277777777777778,4.7,64.0
450,401114297,0.3846153846153846,0.7045454545454546,6.6,134.0
456,401114293,0.5,0.6842105263157895,10.4,145.0
437,401114292,0.6428571428571429,0.6896551724137931,7.7,146.0
435,401114290,0.2941176470588235,0.5208333333333334,5.3,178.0
421,401114288,0.4285714285714285,0.5384615384615384,9.3,57.0
388,401114273,0.3846153846153846,0.5806451612903226,5.8,117.0
386,401114271,0.4210526315789473,0.6666666666666666,6.8,90.0
390,401114268,0.25,0.6153846153846154,5.7,190.0
348,401114260,0.3636363636363636,0.6744186046511628,11.7,24.0
349,401114259,0.5,0.5769230769230769,8.3,223.0
315,401114251,0.2222222222222222,0.5555555555555556,3.1,116.0
321,401114250,0.4375,0.65,6.0,216.0
325,401114248,0.1333333333333333,0.2777777777777778,3.7,151.0
291,401114246,0.5625,0.6666666666666666,7.8,184.0
312,401114244,0.4285714285714285,0.7297297297297297,8.1,113.0
309,401114242,0.4615384615384615,0.6551724137931034,6.9,69.0
294,401114238,0.2727272727272727,0.5,4.4,181.0
292,401114237,0.2,0.59375,3.6,145.0
334,401114230,0.5,0.5416666666666666,5.3,239.0
474,401114227,0.375,0.5576923076923077,6.1,53.0
418,401114222,0.4166666666666667,0.6857142857142857,7.3,171.0
354,401114220,0.3846153846153846,0.7333333333333333,7.0,247.0
342,401114219,0.3529411764705882,0.7058823529411765,8.3,171.0
314,401114218,0.3125,0.4871794871794871,6.6,206.0
373,401114215,0.6153846153846154,0.6721311475409836,9.3,150.0
545,401114206,0.3846153846153846,0.55,10.2,193.0
389,401114202,0.6923076923076923,0.6923076923076923,8.6,164.0
332,401114200,0.3333333333333333,0.4545454545454545,5.1,263.0
462,401114197,0.1111111111111111,0.64,8.1,40.0
434,401114196,0.2307692307692307,0.7666666666666667,9.6,125.0
546,401114191,0.3529411764705882,0.6,5.9,32.0
492,401114190,0.3,0.6206896551724138,8.4,127.0
446,401114188,0.3571428571428571,0.627906976744186,7.5,196.0
341,401114185,0.5789473684210527,0.6046511627906976,5.1,105.0
536,401114182,0.5384615384615384,0.7428571428571429,8.3,61.0
429,401114178,0.3125,0.4242424242424242,5.3,107.0
346,401114176,0.3125,0.525,5.2,119.0
331,401114175,0.375,0.6,5.4,186.0
401,401114167,0.375,0.6590909090909091,7.7,159.0
391,401114166,0.4705882352941176,0.5238095238095238,5.4,217.0
289,401114164,0.2727272727272727,0.5641025641025641,9.3,178.0
542,401114162,0.4,0.5555555555555556,8.4,154.0
523,401114161,0.3333333333333333,0.6666666666666666,9.3,74.0
497,401114160,0.5,0.6363636363636364,6.6,47.0
411,401114157,0.3846153846153846,0.6666666666666666,7.1,32.0
375,401114156,0.4375,0.5384615384615384,5.4,105.0
371,401114155,0.6153846153846154,0.6153846153846154,8.8,108.0
563,401112522,0.4615384615384615,0.7317073170731707,7.9,71.0
539,401112517,0.1,0.5277777777777778,6.9,164.0
526,401112513,0.4666666666666667,0.6129032258064516,7.3,230.0
510,401112507,0.4285714285714285,0.627906976744186,7.5,136.0
489,401112504,0.3,0.6818181818181818,10.4,143.0
486,401112502,0.7,0.6896551724137931,7.8,281.0
468,401112501,0.25,0.3214285714285714,5.0,96.0
478,401112499,0.5384615384615384,0.5172413793103449,12.2,186.0
448,401112494,0.45,0.5625,4.6,176.0
452,401112493,0.2857142857142857,0.5714285714285714,5.5,78.0
459,401112491,0.3684210526315789,0.5116279069767442,5.3,100.0
432,401112489,0.4285714285714285,0.5306122448979592,7.1,143.0
426,401112488,0.3846153846153846,0.5483870967741935,6.5,157.0
441,401112487,0.4117647058823529,0.627906976744186,6.5,169.0
422,401112483,0.2777777777777778,0.4318181818181818,6.3,51.0
416,401112481,0.4666666666666667,0.5892857142857143,7.6,245.0
406,401112478,0.5263157894736842,0.5952380952380952,6.0,74.0
405,401112477,0.3125,0.7435897435897436,7.7,41.0
399,401112476,0.4666666666666667,0.5818181818181818,8.5,94.0
404,401112474,0.4545454545454545,0.4,3.7,123.0
395,401112473,0.2666666666666666,0.4545454545454545,9.2,259.0
379,401112470,0.2142857142857142,0.4516129032258064,4.1,43.0
380,401112467,0.4117647058823529,0.5555555555555556,5.3,146.0
382,401112466,0.1666666666666666,0.7096774193548387,9.1,252.0
358,401112461,0.25,0.5952380952380952,8.0,85.0
361,401112459,0.4375,0.6428571428571429,7.7,146.0
362,401112458,0.3333333333333333,0.4509803921568627,4.3,31.0
338,401112455,0.3571428571428571,0.5625,4.3,163.0
340,401112452,0.3333333333333333,0.5384615384615384,9.1,183.0
352,401112451,0.4375,0.5945945945945946,6.3,95.0
333,401112448,0.125,0.6,6.3,144.0
329,401112443,0.2727272727272727,0.7692307692307693,7.9,179.0
318,401112441,0.2666666666666666,0.64,6.8,92.0
322,401112440,0.4,0.6052631578947368,6.3,178.0
306,401112435,0.4444444444444444,0.6170212765957447,7.3,98.0
298,401112431,0.0833333333333333,0.6764705882352942,9.6,99.0
295,401112430,0.375,0.6875,8.7,180.0
296,401112262,0.5,0.6538461538461539,8.1,96.0
335,401112259,0.3125,0.6862745098039216,7.3,24.0
487,401112249,0.4,0.6129032258064516,5.9,251.0
467,401112243,0.375,0.5641025641025641,6.3,128.0
400,401112242,0.3125,0.59375,4.3,157.0
319,401112239,0.3333333333333333,0.6153846153846154,11.2,179.0
488,401112235,0.5,0.5227272727272727,7.7,178.0
381,401112232,0.4375,0.5510204081632653,5.9,123.0
343,401112231,0.2222222222222222,0.5555555555555556,8.3,123.0
330,401112230,0.25,0.6857142857142857,8.2,57.0
293,401112229,0.3333333333333333,0.5,7.4,174.0
442,401112226,0.4117647058823529,0.5853658536585366,6.7,141.0
317,401112223,0.3125,0.4,8.6,200.0
562,401112221,0.0909090909090909,0.4285714285714285,5.4,164.0
345,401112214,0.5294117647058824,0.6153846153846154,7.5,113.0
337,401112203,0.238095238095238,0.4102564102564102,4.6,161.0
552,401112200,0.3809523809523809,0.5217391304347826,4.3,184.0
519,401112199,0.5,0.6410256410256411,9.4,63.0
498,401112198,0.1111111111111111,0.6071428571428571,7.4,87.0
425,401112196,0.375,0.6,6.5,33.0
419,401112195,0.4444444444444444,0.5813953488372093,6.7,70.0
394,401112194,0.3529411764705882,0.5476190476190477,6.2,1.0
557,401112168,0.5,0.56,8.2,181.0
511,401112166,0.5384615384615384,0.7560975609756098,9.0,91.0
455,401112164,0.4615384615384615,0.8695652173913043,12.8,220.0
433,401112163,0.4285714285714285,0.6296296296296297,7.8,173.0
495,401112154,0.2666666666666666,0.5277777777777778,7.0,275.0
424,401112151,0.5294117647058824,0.75,8.3,156.0
370,401112148,0.0833333333333333,0.375,3.3,221.0
339,401112147,0.4117647058823529,0.5945945945945946,8.0,167.0
320,401112146,0.4,0.6774193548387096,8.9,10.0
301,401112143,0.3571428571428571,0.65,7.8,172.0
554,401112134,0.4210526315789473,0.4054054054054054,3.9,153.0
512,401112133,0.4545454545454545,0.5757575757575758,10.1,69.0
360,401112131,0.5,0.4444444444444444,5.2,236.0
527,401112128,0.3571428571428571,0.7368421052631579,8.1,26.0
471,401112127,0.4117647058823529,0.5348837209302325,6.7,163.0
367,401112125,0.4736842105263157,0.5757575757575758,8.1,226.0
544,401112120,0.1111111111111111,0.3333333333333333,3.1,139.0
409,401112118,0.4,0.6842105263157895,5.5,100.0
540,401112113,0.3571428571428571,0.58,7.4,144.0
516,401112112,0.4705882352941176,0.6153846153846154,7.7,122.0
496,401112111,0.4545454545454545,0.6296296296296297,9.4,51.0
449,401112110,0.375,0.7037037037037037,14.6,102.0
430,401112109,0.3571428571428571,0.5806451612903226,4.5,228.0
460,401112103,0.4,0.6764705882352942,8.0,212.0
438,401112102,0.5263157894736842,0.574468085106383,6.6,259.0
364,401112099,0.4,0.7307692307692307,10.6,142.0
327,401112097,0.4,0.6842105263157895,5.6,173.0
297,401112096,0.3571428571428571,0.6470588235294118,6.4,146.0
517,401112093,0.3529411764705882,0.55,6.8,54.0
503,401112092,0.3333333333333333,0.6129032258064516,9.1,195.0
457,401112091,0.3125,0.6190476190476191,6.1,86.0
344,401112086,0.3333333333333333,0.7142857142857143,9.3,91.0
300,401112085,0.3529411764705882,0.5952380952380952,5.4,34.0
524,401112082,0.4444444444444444,0.6206896551724138,6.7,113.0
485,401112081,0.5,0.4375,4.4,168.0
465,401112080,0.1764705882352941,0.5128205128205128,5.3,14.0
415,401112078,0.4444444444444444,0.7380952380952381,8.6,148.0
383,401112076,0.4666666666666667,0.6,7.6,63.0
365,401112075,0.4444444444444444,0.5806451612903226,5.7,64.0
561,401110865,0.4285714285714285,0.6666666666666666,8.6,180.0
550,401110863,0.3571428571428571,0.5769230769230769,9.4,139.0
543,401110861,0.2666666666666666,0.5862068965517241,6.2,99.0
532,401110857,0.2666666666666666,0.5952380952380952,6.5,-2.0
515,401110849,0.2777777777777778,0.6,4.9,84.0
500,401110848,0.2222222222222222,0.5517241379310345,5.6,21.0
502,401110846,0.4666666666666667,0.5714285714285714,3.6,302.0
494,401110842,0.4,0.525,10.5,123.0
473,401110838,0.2222222222222222,0.6363636363636364,7.8,21.0
476,401110837,0.2,0.5185185185185185,3.7,167.0
453,401110833,0.2777777777777778,0.4166666666666667,4.4,130.0
436,401110830,0.2,0.5,5.4,153.0
443,401110827,0.25,0.4516129032258064,5.0,250.0
417,401110818,0.4615384615384615,0.4444444444444444,4.5,183.0
407,401110817,0.5,0.5384615384615384,5.7,173.0
377,401110811,0.2857142857142857,0.53125,8.8,108.0
376,401110807,0.3846153846153846,0.6136363636363636,6.8,98.0
359,401110804,0.3571428571428571,0.6326530612244898,6.8,56.0
355,401110801,0.2941176470588235,0.6041666666666666,7.3,177.0
369,401110800,0.3076923076923077,0.6170212765957447,5.9,46.0
368,401110798,0.4,0.56,7.1,131.0
336,401110792,0.2857142857142857,0.4074074074074074,5.6,201.0
351,401110789,0.5333333333333333,0.6571428571428571,7.6,140.0
326,401110783,0.3125,0.6071428571428571,6.3,242.0
328,401110778,0.5333333333333333,0.6666666666666666,8.5,121.0
302,401110730,0.6153846153846154,0.65,7.8,93.0
304,401110729,0.2307692307692307,0.5333333333333333,4.7,128.0
311,401110728,0.4117647058823529,0.6458333333333334,8.8,114.0
299,401110726,0.1,0.4736842105263157,4.9,80.0
288,401110723,0.1428571428571428,0.6333333333333333,7.1,87.0
310,401110722,0.2857142857142857,0.7567567567567568,6.5,90.0
305,401110721,0.1538461538461538,0.4848484848484848,4.7,75.0
267,401082044,0.4285714285714285,0.6896551724137931,7.6,58.0
20,401079833,0.3809523809523809,0.5757575757575758,4.8,68.0
269,401056705,0.3125,0.625,7.5,153.0
266,401056704,0.3333333333333333,0.6296296296296297,5.1,51.0
268,401056703,0.2,0.6444444444444445,8.0,94.0
270,401056700,0.3333333333333333,0.4838709677419355,4.0,225.0
265,401056696,0.4666666666666667,0.5142857142857142,7.2,142.0
281,401035254,0.3636363636363636,0.55,4.3,159.0
278,401035252,0.1176470588235294,0.5652173913043478,6.0,224.0
280,401035251,0.2941176470588235,0.3793103448275862,4.7,208.0
285,401032088,0.2857142857142857,0.4857142857142857,7.0,161.0
287,401032086,0.4615384615384615,0.5882352941176471,6.2,72.0
286,401032085,0.45,0.6545454545454545,5.7,129.0
284,401032084,0.4,0.3870967741935484,3.9,130.0
283,401032083,0.2941176470588235,0.4375,4.8,190.0
282,401032081,0.5,0.6052631578947368,9.8,264.0
279,401032080,0.4285714285714285,0.6451612903225806,7.1,224.0
277,401032075,0.3,0.6666666666666666,11.7,200.0
276,401032072,0.5384615384615384,0.4736842105263157,7.5,287.0
275,401032069,0.2857142857142857,0.5151515151515151,5.0,100.0
274,401032063,0.375,0.5172413793103449,5.9,207.0
273,401032061,0.1818181818181818,0.5789473684210527,6.9,124.0
272,401032056,0.3636363636363636,0.6538461538461539,7.8,97.0
262,401022569,0.3333333333333333,0.6,6.6,169.0
264,401022568,0.25,0.5217391304347826,7.7,224.0
238,401022565,0.6363636363636364,0.59375,11.7,64.0
236,401022564,0.45,0.4166666666666667,3.6,221.0
223,401022561,0.4285714285714285,0.6578947368421053,8.1,199.0
233,401022559,0.5384615384615384,0.5555555555555556,5.9,362.0
216,401022558,0.3571428571428571,0.6111111111111112,7.8,89.0
199,401022556,0.2,0.6857142857142857,8.1,107.0
195,401022550,0.2857142857142857,0.45,2.1,101.0
177,401022548,0.4705882352941176,0.4878048780487805,6.9,173.0
156,401022543,0.4375,0.7297297297297297,6.3,62.0
144,401022540,0.3684210526315789,0.4166666666666667,4.2,231.0
138,401022539,0.4615384615384615,0.6842105263157895,6.9,139.0
131,401022535,0.2727272727272727,0.6,8.5,134.0
136,401022534,0.3846153846153846,0.5714285714285714,7.2,82.0
116,401022533,0.375,0.4705882352941176,3.6,214.0
112,401022531,0.1666666666666666,0.5,4.8,157.0
104,401022528,0.3157894736842105,0.5,4.0,51.0
89,401022527,0.4,0.5714285714285714,9.2,39.0
80,401022525,0.2142857142857142,0.4210526315789473,5.1,154.0
50,401022520,0.3571428571428571,0.6,4.9,221.0
5,401022511,0.3809523809523809,0.5384615384615384,7.0,141.0
250,401021701,0.4615384615384615,0.625,8.4,143.0
242,401021699,0.4545454545454545,0.6363636363636364,8.9,92.0
232,401021696,0.4615384615384615,0.391304347826087,6.7,129.0
162,401021682,0.6666666666666666,0.56,9.2,280.0
172,401021681,0.5333333333333333,0.5483870967741935,8.7,208.0
150,401021678,0.1538461538461538,0.6,4.6,127.0
113,401021673,0.1666666666666666,0.5185185185185185,5.0,107.0
83,401021666,0.4444444444444444,0.7450980392156863,7.4,117.0
63,401021664,0.5882352941176471,0.6041666666666666,6.0,200.0
64,401021663,0.4444444444444444,0.5555555555555556,7.9,238.0
65,401021662,0.2941176470588235,0.238095238095238,1.1,310.0
4,401021655,0.3,0.6904761904761905,8.7,72.0
1,401021651,0.3333333333333333,0.631578947368421,10.6,181.0
241,401020790,0.2941176470588235,0.5428571428571428,6.0,179.0
237,401020786,0.4666666666666667,0.6666666666666666,7.4,106.0
218,401020782,0.1428571428571428,0.4545454545454545,4.8,212.0
217,401020780,0.4,0.6896551724137931,6.4,361.0
197,401020776,0.4285714285714285,0.5714285714285714,5.8,201.0
178,401020769,0.3333333333333333,0.5526315789473685,6.1,86.0
160,401020768,0.2,0.4871794871794871,4.3,131.0
146,401020761,0.2631578947368421,0.5483870967741935,6.4,173.0
122,401020760,0.4,0.6,10.8,132.0
119,401020759,0.375,0.4444444444444444,5.4,229.0
130,401020758,0.3333333333333333,0.6521739130434783,12.0,46.0
123,401020757,0.4666666666666667,0.4782608695652174,5.5,261.0
100,401020755,0.5,0.7714285714285715,7.7,201.0
99,401020754,0.4347826086956521,0.5714285714285714,4.6,131.0
95,401020753,0.2941176470588235,0.5806451612903226,6.6,178.0
77,401020750,0.4166666666666667,0.6875,9.2,55.0
84,401020688,0.1666666666666666,0.4146341463414634,4.4,62.0
71,401020683,0.4375,0.6296296296296297,8.7,119.0
51,401020682,0.375,0.6578947368421053,9.2,142.0
49,401020681,0.5294117647058824,0.3529411764705882,6.4,389.0
48,401020679,0.375,0.5454545454545454,4.8,164.0
10,401020675,0.5714285714285714,0.5094339622641509,9.1,161.0
252,401019540,0.3571428571428571,0.5652173913043478,6.9,61.0
247,401019539,0.1333333333333333,0.5,12.8,117.0
231,401019534,0.5,0.6785714285714286,7.4,164.0
209,401019526,0.1363636363636363,0.3088235294117647,5.3,90.0
173,401019516,0.1818181818181818,0.4615384615384615,6.9,135.0
168,401019514,0.1764705882352941,0.5116279069767442,7.6,23.0
147,401019513,0.2,0.6086956521739131,6.7,168.0
151,401019511,0.2727272727272727,0.4761904761904761,6.3,322.0
141,401019510,0.3684210526315789,0.4117647058823529,3.3,200.0
129,401019508,0.3846153846153846,0.2727272727272727,1.3,270.0
127,401019506,0.4375,0.5862068965517241,7.2,281.0
115,401019505,0.4117647058823529,0.2857142857142857,3.8,220.0
58,401019495,0.4705882352941176,0.25,6.3,349.0
69,401019492,0.4166666666666667,0.44,5.1,156.0
59,401019491,0.375,0.4444444444444444,6.6,234.0
39,401019486,0.0,0.6764705882352942,10.3,199.0
26,401019479,0.4,0.6,5.8,233.0
23,401019478,0.2142857142857142,0.4473684210526316,6.3,115.0
7,401019473,0.6153846153846154,0.5757575757575758,6.2,46.0
194,401016410,0.25,0.6551724137931034,10.1,96.0
167,401016409,0.2,0.6,6.9,93.0
257,401015054,0.4166666666666667,0.6060606060606061,8.2,131.0
245,401015051,0.2857142857142857,0.6578947368421053,5.3,190.0
256,401015050,0.3333333333333333,0.5714285714285714,10.9,187.0
230,401015046,0.5294117647058824,0.627906976744186,5.7,68.0
219,401015045,0.2222222222222222,0.6,8.4,195.0
224,401015044,0.4166666666666667,0.7272727272727273,11.5,281.0
212,401015043,0.3333333333333333,0.4102564102564102,4.1,5.0
208,401015042,0.3529411764705882,0.5909090909090909,5.5,155.0
188,401015035,0.2307692307692307,0.53125,9.8,70.0
185,401015033,0.3846153846153846,0.4473684210526316,5.7,31.0
157,401015028,0.0909090909090909,0.5862068965517241,4.2,227.0
161,401015026,0.4285714285714285,0.6923076923076923,7.6,129.0
153,401015024,0.5,0.75,8.0,207.0
154,401015023,0.3,0.725,8.4,64.0
149,401015022,0.3529411764705882,0.5757575757575758,8.6,72.0
145,401015019,0.4210526315789473,0.5,5.2,150.0
135,401015014,0.5625,0.5555555555555556,5.3,187.0
108,401015011,0.5,0.4848484848484848,9.5,104.0
79,401015006,0.1875,0.5833333333333334,6.9,21.0
91,401015005,0.25,0.6153846153846154,6.7,61.0
90,401015004,0.4,0.6285714285714286,8.5,131.0
88,401015003,0.3333333333333333,0.6071428571428571,5.5,272.0
61,401015000,0.4615384615384615,0.6,6.3,120.0
62,401014999,0.3636363636363636,0.6071428571428571,7.9,26.0
43,401014996,0.2307692307692307,0.2692307692307692,6.9,175.0
37,401014993,0.4545454545454545,0.5714285714285714,7.7,123.0
29,401014992,0.1875,0.5609756097560976,8.5,42.0
28,401014989,0.4,0.6739130434782609,8.2,58.0
22,401014983,0.1818181818181818,0.6153846153846154,12.6,209.0
32,401014982,0.2307692307692307,0.5135135135135135,8.2,93.0
14,401014975,0.3333333333333333,0.5434782608695652,7.8,87.0
17,401014974,0.2307692307692307,0.4782608695652174,4.0,217.0
0,401014972,0.1818181818181818,0.5517241379310345,8.4,140.0
143,401013453,0.5,0.4545454545454545,9.0,234.0
120,401013452,0.2666666666666666,0.5333333333333333,5.3,133.0
249,401013447,0.1875,0.5370370370370371,5.8,83.0
171,401013444,0.3181818181818182,0.4915254237288136,4.7,153.0
110,401013441,0.45,0.5740740740740741,6.8,153.0
67,401013440,0.4,0.625,12.1,235.0
25,401013377,0.3478260869565217,0.46,3.6,169.0
271,401013376,0.2307692307692307,0.2941176470588235,4.8,127.0
180,401013373,0.3333333333333333,0.5454545454545454,9.0,125.0
139,401013371,0.2777777777777778,0.5660377358490566,6.2,77.0
41,401013368,0.1428571428571428,0.625,10.0,41.0
187,401013365,0.3076923076923077,0.4571428571428571,7.8,216.0
159,401013364,0.2727272727272727,0.6666666666666666,2.5,250.0
45,401013356,0.3076923076923077,0.6428571428571429,6.8,204.0
229,401013353,0.3125,0.6458333333333334,8.0,76.0
21,401013352,0.3076923076923077,0.5833333333333334,5.6,341.0
11,401013349,0.375,0.6666666666666666,7.5,159.0
92,401013347,0.1764705882352941,0.5,8.9,206.0
55,401013343,0.3333333333333333,0.6379310344827587,7.0,86.0
2,401013342,0.5333333333333333,0.6521739130434783,5.9,202.0
184,401013341,0.2857142857142857,0.6666666666666666,8.1,184.0
118,401013340,0.4375,0.7142857142857143,7.2,231.0
40,401013337,0.3125,0.7037037037037037,6.6,187.0
30,401013329,0.4285714285714285,0.7058823529411765,6.2,87.0
226,401013327,0.2777777777777778,0.5625,7.6,189.0
72,401013325,0.4117647058823529,0.5319148936170213,6.3,168.0
213,401013321,0.6666666666666666,0.7916666666666666,9.5,141.0
176,401013320,0.4166666666666667,0.5238095238095238,6.7,119.0
34,401013319,0.2142857142857142,0.5,6.3,189.0
190,401013188,0.5454545454545454,0.6944444444444444,9.8,166.0
248,401013187,0.25,0.475,6.9,153.0
243,401013183,0.3846153846153846,0.4827586206896552,8.9,164.0
228,401013177,0.5555555555555556,0.7857142857142857,9.8,130.0
225,401013175,0.3684210526315789,0.4736842105263157,7.8,125.0
211,401013172,0.6,0.6086956521739131,7.2,134.0
204,401013170,0.4,0.6136363636363636,5.0,315.0
198,401013167,0.375,0.660377358490566,7.1,47.0
191,401013163,0.2142857142857142,0.4642857142857143,4.0,300.0
142,401013152,0.3181818181818182,0.6296296296296297,5.9,179.0
121,401013148,0.3333333333333333,0.6333333333333333,4.2,116.0
133,401013147,0.4,0.6285714285714286,8.2,235.0
132,401013146,0.3333333333333333,0.5172413793103449,6.6,149.0
97,401013142,0.5555555555555556,0.4736842105263157,5.1,177.0
103,401013141,0.3125,0.5,4.1,70.0
98,401013139,0.1,0.56,7.9,120.0
76,401013133,0.5263157894736842,0.5333333333333333,6.8,115.0
73,401013131,0.2,0.6341463414634146,6.1,61.0
60,401013125,0.5,0.5757575757575758,5.3,228.0
54,401013113,0.5294117647058824,0.6578947368421053,6.8,168.0
42,401013112,0.3076923076923077,0.4,4.4,320.0
38,401013109,0.2272727272727272,0.4444444444444444,4.8,298.0
3,401013086,0.3684210526315789,0.4864864864864865,7.6,155.0
261,401013078,0.3333333333333333,0.425,4.5,99.0
114,401013076,0.2941176470588235,0.5777777777777777,6.4,121.0
244,401013071,0.6666666666666666,0.6530612244897959,11.0,165.0
206,401013070,0.625,0.6415094339622641,9.5,139.0
192,401013069,0.2307692307692307,0.6818181818181818,8.3,107.0
96,401013067,0.375,0.7407407407407407,11.5,222.0
66,401013066,0.6190476190476191,0.3333333333333333,4.4,339.0
189,401013063,0.3125,0.5714285714285714,5.8,139.0
78,401013060,0.4,0.44,4.4,107.0
16,401013057,0.25,0.4285714285714285,4.6,77.0
240,401013056,0.4736842105263157,0.5142857142857142,4.5,137.0
200,401013054,0.3333333333333333,0.6176470588235294,6.8,115.0
163,401013053,0.6666666666666666,0.696969696969697,10.6,153.0
15,401013048,0.3529411764705882,0.5526315789473685,5.2,56.0
258,401013047,0.4285714285714285,0.6666666666666666,6.8,245.0
105,401013042,0.4666666666666667,0.5757575757575758,8.8,126.0
87,401013041,0.4166666666666667,0.5,2.8,119.0
222,401013036,0.1538461538461538,0.4827586206896552,5.6,140.0
183,401013034,0.4375,0.5952380952380952,7.4,212.0
124,401013032,0.4705882352941176,0.5,6.0,88.0
101,401013031,0.5,0.5769230769230769,5.7,319.0
82,401012892,0.3846153846153846,0.5517241379310345,6.0,28.0
18,401012888,0.4615384615384615,0.6666666666666666,6.9,58.0
220,401012887,0.45,0.3658536585365853,3.6,143.0
125,401012883,0.2142857142857142,0.59375,6.0,205.0
6,401012880,0.5384615384615384,0.6590909090909091,7.3,25.0
221,401012878,0.2307692307692307,0.5,14.0,339.0
9,401012872,0.2,0.5384615384615384,6.7,142.0
239,401012871,0.4,0.6842105263157895,6.8,140.0
207,401012870,0.2307692307692307,0.6585365853658537,6.6,64.0
186,401012869,0.5,0.65625,8.6,118.0
165,401012868,0.35,0.38,4.3,135.0
246,401012861,0.3571428571428571,0.7058823529411765,6.8,142.0
202,401012859,0.5333333333333333,0.56,7.6,353.0
158,401012858,0.4705882352941176,0.6590909090909091,5.3,153.0
148,401012857,0.4285714285714285,0.6363636363636364,6.0,224.0
33,401012852,0.4375,0.48,4.2,188.0
255,401012850,0.2857142857142857,0.5,6.1,108.0
140,401012846,0.1333333333333333,0.4838709677419355,2.6,107.0
74,401012824,0.3333333333333333,0.5277777777777778,5.4,98.0
253,401012815,0.4666666666666667,0.5897435897435898,7.2,154.0
47,401012806,0.2777777777777778,0.6451612903225806,5.4,212.0
8,401012804,0.2941176470588235,0.6829268292682927,6.6,183.0
263,401012802,0.3888888888888889,0.6896551724137931,7.0,153.0
251,401012801,0.2142857142857142,0.6170212765957447,9.9,62.0
260,401012800,0.4666666666666667,0.7254901960784313,6.8,94.0
254,401012799,0.5,0.5384615384615384,7.2,238.0
235,401012793,0.1764705882352941,0.46875,5.7,142.0
227,401012791,0.3076923076923077,0.5882352941176471,9.9,112.0
210,401012789,0.4,0.5882352941176471,8.5,117.0
215,401012787,0.4117647058823529,0.6176470588235294,5.3,97.0
205,401012786,0.5,0.7428571428571429,9.6,104.0
196,401012785,0.2857142857142857,0.5454545454545454,5.4,112.0
193,401012784,0.5,0.6590909090909091,7.9,77.0
179,401012780,0.4,0.627906976744186,8.0,40.0
174,401012779,0.6153846153846154,0.7906976744186046,7.5,120.0
170,401012778,0.3076923076923077,0.48,6.4,91.0
164,401012777,0.2666666666666666,0.6153846153846154,8.2,217.0
166,401012776,0.1818181818181818,0.7,9.0,149.0
155,401012769,0.4666666666666667,0.4411764705882353,6.8,289.0
137,401012768,0.3571428571428571,0.5777777777777777,7.8,84.0
126,401012766,0.4615384615384615,0.6,9.7,194.0
106,401012761,0.4545454545454545,0.6666666666666666,12.3,145.0
109,401012760,0.5714285714285714,0.7105263157894737,7.2,150.0
111,401012759,0.5333333333333333,0.7441860465116279,7.3,161.0
85,401012756,0.3125,0.5714285714285714,5.6,204.0
93,401012753,0.25,0.4848484848484848,7.0,98.0
70,401012751,0.5,0.6296296296296297,3.9,164.0
68,401012749,0.5625,0.7878787878787878,10.5,178.0
57,401012748,0.4375,0.7115384615384616,6.6,91.0
52,401012744,0.2,0.625,8.2,81.0
56,401012738,0.2727272727272727,0.6739130434782609,7.4,36.0
35,401012735,0.3529411764705882,0.5365853658536586,4.8,91.0
24,401012729,0.3846153846153846,0.6551724137931034,8.1,329.0
36,401012727,0.3333333333333333,0.6923076923076923,8.1,63.0
13,401012684,0.2352941176470588,0.4285714285714285,3.9,164.0
19,401012676,0.4,0.5,5.8,129.0
259,401012356,0.5,0.6666666666666666,7.2,215.0
234,401012348,0.3333333333333333,0.6153846153846154,8.8,121.0
201,401012335,0.4285714285714285,0.6666666666666666,6.9,216.0
203,401012333,0.5384615384615384,0.6428571428571429,8.5,147.0
214,401012332,0.1666666666666666,0.4871794871794871,5.1,16.0
182,401012328,0.3529411764705882,0.6458333333333334,7.9,237.0
181,401012324,0.2857142857142857,0.5,6.9,203.0
175,401012323,0.6875,0.6923076923076923,5.3,144.0
169,401012322,0.3125,0.5555555555555556,6.1,84.0
152,401012314,0.3076923076923077,0.6521739130434783,9.4,68.0
128,401012311,0.2222222222222222,0.4857142857142857,6.4,76.0
117,401012309,0.5625,0.6086956521739131,7.0,126.0
134,401012308,0.2222222222222222,0.6818181818181818,8.0,300.0
107,401012306,0.1538461538461538,0.65,5.4,70.0
94,401012305,0.25,0.4722222222222222,5.7,286.0
102,401012301,0.2352941176470588,0.5588235294117647,5.6,180.0
81,401012299,0.5,0.7096774193548387,8.7,104.0
86,401012298,0.1666666666666666,0.4230769230769231,3.8,104.0
75,401012293,0.25,0.5185185185185185,7.1,55.0
44,401012283,0.3846153846153846,0.6046511627906976,7.6,94.0
53,401012279,0.5,0.7090909090909091,10.4,42.0
46,401012273,0.3333333333333333,0.5714285714285714,7.1,130.0
27,401012270,0.375,0.575,10.8,71.0
31,401012261,0.3333333333333333,0.5,6.5,299.0
12,401012248,0.3571428571428571,0.5625,9.3,102.0
